DateKey,Date,Year,Month,MonthName,Day,DayOfWeek,DayName,IsWeekend
20220101,2022-01-01,2022,1,Jan,1,6,Sat,False
20220102,2022-01-02,2022,1,Jan,2,7,Sun,False
20220103,2022-01-03,2022,1,Jan,3,1,Mon,False
20220104,2022-01-04,2022,1,Jan,4,2,Tue,False
20220105,2022-01-05,2022,1,Jan,5,3,Wed,False
20220106,2022-01-06,2022,1,Jan,6,4,Thu,False
20220107,2022-01-07,2022,1,Jan,7,5,Fri,True
20220108,2022-01-08,2022,1,Jan,8,6,Sat,False
20220109,2022-01-09,2022,1,Jan,9,7,Sun,False
20220110,2022-01-10,2022,1,Jan,10,1,Mon,False
20220111,2022-01-11,2022,1,Jan,11,2,Tue,False
20220112,2022-01-12,2022,1,Jan,12,3,Wed,False
20220113,2022-01-13,2022,1,Jan,13,4,Thu,False
20220114,2022-01-14,2022,1,Jan,14,5,Fri,True
20220115,2022-01-15,2022,1,Jan,15,6,Sat,False
20220116,2022-01-16,2022,1,Jan,16,7,Sun,False
20220117,2022-01-17,2022,1,Jan,17,1,Mon,False
20220118,2022-01-18,2022,1,Jan,18,2,Tue,False
20220119,2022-01-19,2022,1,Jan,19,3,Wed,False
20220120,2022-01-20,2022,1,Jan,20,4,Thu,False
20220121,2022-01-21,2022,1,Jan,21,5,Fri,True
20220122,2022-01-22,2022,1,Jan,22,6,Sat,False
20220123,2022-01-23,2022,1,Jan,23,7,Sun,False
20220124,2022-01-24,2022,1,Jan,24,1,Mon,False
20220125,2022-01-25,2022,1,Jan,25,2,Tue,False
20220126,2022-01-26,2022,1,Jan,26,3,Wed,False
20220127,2022-01-27,2022,1,Jan,27,4,Thu,False
20220128,2022-01-28,2022,1,Jan,28,5,Fri,True
20220129,2022-01-29,2022,1,Jan,29,6,Sat,False
20220130,2022-01-30,2022,1,Jan,30,7,Sun,False
20220131,2022-01-31,2022,1,Jan,31,1,Mon,False
20220201,2022-02-01,2022,2,Feb,1,2,Tue,False
20220202,2022-02-02,2022,2,Feb,2,3,Wed,False
20220203,2022-02-03,2022,2,Feb,3,4,Thu,False
20220204,2022-02-04,2022,2,Feb,4,5,Fri,True
20220205,2022-02-05,2022,2,Feb,5,6,Sat,False
20220206,2022-02-06,2022,2,Feb,6,7,Sun,False
20220207,2022-02-07,2022,2,Feb,7,1,Mon,False
20220208,2022-02-08,2022,2,Feb,8,2,Tue,False
20220209,2022-02-09,2022,2,Feb,9,3,Wed,False
20220210,2022-02-10,2022,2,Feb,10,4,Thu,False
20220211,2022-02-11,2022,2,Feb,11,5,Fri,True
20220212,2022-02-12,2022,2,Feb,12,6,Sat,False
20220213,2022-02-13,2022,2,Feb,13,7,Sun,False
20220214,2022-02-14,2022,2,Feb,14,1,Mon,False
20220215,2022-02-15,2022,2,Feb,15,2,Tue,False
20220216,2022-02-16,2022,2,Feb,16,3,Wed,False
20220217,2022-02-17,2022,2,Feb,17,4,Thu,False
20220218,2022-02-18,2022,2,Feb,18,5,Fri,True
20220219,2022-02-19,2022,2,Feb,19,6,Sat,False
20220220,2022-02-20,2022,2,Feb,20,7,Sun,False
20220221,2022-02-21,2022,2,Feb,21,1,Mon,False
20220222,2022-02-22,2022,2,Feb,22,2,Tue,False
20220223,2022-02-23,2022,2,Feb,23,3,Wed,False
20220224,2022-02-24,2022,2,Feb,24,4,Thu,False
20220225,2022-02-25,2022,2,Feb,25,5,Fri,True
20220226,2022-02-26,2022,2,Feb,26,6,Sat,False
20220227,2022-02-27,2022,2,Feb,27,7,Sun,False
20220228,2022-02-28,2022,2,Feb,28,1,Mon,False
20220301,2022-03-01,2022,3,Mar,1,2,Tue,False
20220302,2022-03-02,2022,3,Mar,2,3,Wed,False
20220303,2022-03-03,2022,3,Mar,3,4,Thu,False
20220304,2022-03-04,2022,3,Mar,4,5,Fri,True
20220305,2022-03-05,2022,3,Mar,5,6,Sat,False
20220306,2022-03-06,2022,3,Mar,6,7,Sun,False
20220307,2022-03-07,2022,3,Mar,7,1,Mon,False
20220308,2022-03-08,2022,3,Mar,8,2,Tue,False
20220309,2022-03-09,2022,3,Mar,9,3,Wed,False
20220310,2022-03-10,2022,3,Mar,10,4,Thu,False
20220311,2022-03-11,2022,3,Mar,11,5,Fri,True
20220312,2022-03-12,2022,3,Mar,12,6,Sat,False
20220313,2022-03-13,2022,3,Mar,13,7,Sun,False
20220314,2022-03-14,2022,3,Mar,14,1,Mon,False
20220315,2022-03-15,2022,3,Mar,15,2,Tue,False
20220316,2022-03-16,2022,3,Mar,16,3,Wed,False
20220317,2022-03-17,2022,3,Mar,17,4,Thu,False
20220318,2022-03-18,2022,3,Mar,18,5,Fri,True
20220319,2022-03-19,2022,3,Mar,19,6,Sat,False
20220320,2022-03-20,2022,3,Mar,20,7,Sun,False
20220321,2022-03-21,2022,3,Mar,21,1,Mon,False
20220322,2022-03-22,2022,3,Mar,22,2,Tue,False
20220323,2022-03-23,2022,3,Mar,23,3,Wed,False
20220324,2022-03-24,2022,3,Mar,24,4,Thu,False
20220325,2022-03-25,2022,3,Mar,25,5,Fri,True
20220326,2022-03-26,2022,3,Mar,26,6,Sat,False
20220327,2022-03-27,2022,3,Mar,27,7,Sun,False
20220328,2022-03-28,2022,3,Mar,28,1,Mon,False
20220329,2022-03-29,2022,3,Mar,29,2,Tue,False
20220330,2022-03-30,2022,3,Mar,30,3,Wed,False
20220331,2022-03-31,2022,3,Mar,31,4,Thu,False
20220401,2022-04-01,2022,4,Apr,1,5,Fri,True
20220402,2022-04-02,2022,4,Apr,2,6,Sat,False
20220403,2022-04-03,2022,4,Apr,3,7,Sun,False
20220404,2022-04-04,2022,4,Apr,4,1,Mon,False
20220405,2022-04-05,2022,4,Apr,5,2,Tue,False
20220406,2022-04-06,2022,4,Apr,6,3,Wed,False
20220407,2022-04-07,2022,4,Apr,7,4,Thu,False
20220408,2022-04-08,2022,4,Apr,8,5,Fri,True
20220409,2022-04-09,2022,4,Apr,9,6,Sat,False
20220410,2022-04-10,2022,4,Apr,10,7,Sun,False
20220411,2022-04-11,2022,4,Apr,11,1,Mon,False
20220412,2022-04-12,2022,4,Apr,12,2,Tue,False
20220413,2022-04-13,2022,4,Apr,13,3,Wed,False
20220414,2022-04-14,2022,4,Apr,14,4,Thu,False
20220415,2022-04-15,2022,4,Apr,15,5,Fri,True
20220416,2022-04-16,2022,4,Apr,16,6,Sat,False
20220417,2022-04-17,2022,4,Apr,17,7,Sun,False
20220418,2022-04-18,2022,4,Apr,18,1,Mon,False
20220419,2022-04-19,2022,4,Apr,19,2,Tue,False
20220420,2022-04-20,2022,4,Apr,20,3,Wed,False
20220421,2022-04-21,2022,4,Apr,21,4,Thu,False
20220422,2022-04-22,2022,4,Apr,22,5,Fri,True
20220423,2022-04-23,2022,4,Apr,23,6,Sat,False
20220424,2022-04-24,2022,4,Apr,24,7,Sun,False
20220425,2022-04-25,2022,4,Apr,25,1,Mon,False
20220426,2022-04-26,2022,4,Apr,26,2,Tue,False
20220427,2022-04-27,2022,4,Apr,27,3,Wed,False
20220428,2022-04-28,2022,4,Apr,28,4,Thu,False
20220429,2022-04-29,2022,4,Apr,29,5,Fri,True
20220430,2022-04-30,2022,4,Apr,30,6,Sat,False
20220501,2022-05-01,2022,5,May,1,7,Sun,False
20220502,2022-05-02,2022,5,May,2,1,Mon,False
20220503,2022-05-03,2022,5,May,3,2,Tue,False
20220504,2022-05-04,2022,5,May,4,3,Wed,False
20220505,2022-05-05,2022,5,May,5,4,Thu,False
20220506,2022-05-06,2022,5,May,6,5,Fri,True
20220507,2022-05-07,2022,5,May,7,6,Sat,False
20220508,2022-05-08,2022,5,May,8,7,Sun,False
20220509,2022-05-09,2022,5,May,9,1,Mon,False
20220510,2022-05-10,2022,5,May,10,2,Tue,False
20220511,2022-05-11,2022,5,May,11,3,Wed,False
20220512,2022-05-12,2022,5,May,12,4,Thu,False
20220513,2022-05-13,2022,5,May,13,5,Fri,True
20220514,2022-05-14,2022,5,May,14,6,Sat,False
20220515,2022-05-15,2022,5,May,15,7,Sun,False
20220516,2022-05-16,2022,5,May,16,1,Mon,False
20220517,2022-05-17,2022,5,May,17,2,Tue,False
20220518,2022-05-18,2022,5,May,18,3,Wed,False
20220519,2022-05-19,2022,5,May,19,4,Thu,False
20220520,2022-05-20,2022,5,May,20,5,Fri,True
20220521,2022-05-21,2022,5,May,21,6,Sat,False
20220522,2022-05-22,2022,5,May,22,7,Sun,False
20220523,2022-05-23,2022,5,May,23,1,Mon,False
20220524,2022-05-24,2022,5,May,24,2,Tue,False
20220525,2022-05-25,2022,5,May,25,3,Wed,False
20220526,2022-05-26,2022,5,May,26,4,Thu,False
20220527,2022-05-27,2022,5,May,27,5,Fri,True
20220528,2022-05-28,2022,5,May,28,6,Sat,False
20220529,2022-05-29,2022,5,May,29,7,Sun,False
20220530,2022-05-30,2022,5,May,30,1,Mon,False
20220531,2022-05-31,2022,5,May,31,2,Tue,False
20220601,2022-06-01,2022,6,Jun,1,3,Wed,False
20220602,2022-06-02,2022,6,Jun,2,4,Thu,False
20220603,2022-06-03,2022,6,Jun,3,5,Fri,True
20220604,2022-06-04,2022,6,Jun,4,6,Sat,False
20220605,2022-06-05,2022,6,Jun,5,7,Sun,False
20220606,2022-06-06,2022,6,Jun,6,1,Mon,False
20220607,2022-06-07,2022,6,Jun,7,2,Tue,False
20220608,2022-06-08,2022,6,Jun,8,3,Wed,False
20220609,2022-06-09,2022,6,Jun,9,4,Thu,False
20220610,2022-06-10,2022,6,Jun,10,5,Fri,True
20220611,2022-06-11,2022,6,Jun,11,6,Sat,False
20220612,2022-06-12,2022,6,Jun,12,7,Sun,False
20220613,2022-06-13,2022,6,Jun,13,1,Mon,False
20220614,2022-06-14,2022,6,Jun,14,2,Tue,False
20220615,2022-06-15,2022,6,Jun,15,3,Wed,False
20220616,2022-06-16,2022,6,Jun,16,4,Thu,False
20220617,2022-06-17,2022,6,Jun,17,5,Fri,True
20220618,2022-06-18,2022,6,Jun,18,6,Sat,False
20220619,2022-06-19,2022,6,Jun,19,7,Sun,False
20220620,2022-06-20,2022,6,Jun,20,1,Mon,False
20220621,2022-06-21,2022,6,Jun,21,2,Tue,False
20220622,2022-06-22,2022,6,Jun,22,3,Wed,False
20220623,2022-06-23,2022,6,Jun,23,4,Thu,False
20220624,2022-06-24,2022,6,Jun,24,5,Fri,True
20220625,2022-06-25,2022,6,Jun,25,6,Sat,False
20220626,2022-06-26,2022,6,Jun,26,7,Sun,False
20220627,2022-06-27,2022,6,Jun,27,1,Mon,False
20220628,2022-06-28,2022,6,Jun,28,2,Tue,False
20220629,2022-06-29,2022,6,Jun,29,3,Wed,False
20220630,2022-06-30,2022,6,Jun,30,4,Thu,False
20220701,2022-07-01,2022,7,Jul,1,5,Fri,True
20220702,2022-07-02,2022,7,Jul,2,6,Sat,False
20220703,2022-07-03,2022,7,Jul,3,7,Sun,False
20220704,2022-07-04,2022,7,Jul,4,1,Mon,False
20220705,2022-07-05,2022,7,Jul,5,2,Tue,False
20220706,2022-07-06,2022,7,Jul,6,3,Wed,False
20220707,2022-07-07,2022,7,Jul,7,4,Thu,False
20220708,2022-07-08,2022,7,Jul,8,5,Fri,True
20220709,2022-07-09,2022,7,Jul,9,6,Sat,False
20220710,2022-07-10,2022,7,Jul,10,7,Sun,False
20220711,2022-07-11,2022,7,Jul,11,1,Mon,False
20220712,2022-07-12,2022,7,Jul,12,2,Tue,False
20220713,2022-07-13,2022,7,Jul,13,3,Wed,False
20220714,2022-07-14,2022,7,Jul,14,4,Thu,False
20220715,2022-07-15,2022,7,Jul,15,5,Fri,True
20220716,2022-07-16,2022,7,Jul,16,6,Sat,False
20220717,2022-07-17,2022,7,Jul,17,7,Sun,False
20220718,2022-07-18,2022,7,Jul,18,1,Mon,False
20220719,2022-07-19,2022,7,Jul,19,2,Tue,False
20220720,2022-07-20,2022,7,Jul,20,3,Wed,False
20220721,2022-07-21,2022,7,Jul,21,4,Thu,False
20220722,2022-07-22,2022,7,Jul,22,5,Fri,True
20220723,2022-07-23,2022,7,Jul,23,6,Sat,False
20220724,2022-07-24,2022,7,Jul,24,7,Sun,False
20220725,2022-07-25,2022,7,Jul,25,1,Mon,False
20220726,2022-07-26,2022,7,Jul,26,2,Tue,False
20220727,2022-07-27,2022,7,Jul,27,3,Wed,False
20220728,2022-07-28,2022,7,Jul,28,4,Thu,False
20220729,2022-07-29,2022,7,Jul,29,5,Fri,True
20220730,2022-07-30,2022,7,Jul,30,6,Sat,False
20220731,2022-07-31,2022,7,Jul,31,7,Sun,False
20220801,2022-08-01,2022,8,Aug,1,1,Mon,False
20220802,2022-08-02,2022,8,Aug,2,2,Tue,False
20220803,2022-08-03,2022,8,Aug,3,3,Wed,False
20220804,2022-08-04,2022,8,Aug,4,4,Thu,False
20220805,2022-08-05,2022,8,Aug,5,5,Fri,True
20220806,2022-08-06,2022,8,Aug,6,6,Sat,False
20220807,2022-08-07,2022,8,Aug,7,7,Sun,False
20220808,2022-08-08,2022,8,Aug,8,1,Mon,False
20220809,2022-08-09,2022,8,Aug,9,2,Tue,False
20220810,2022-08-10,2022,8,Aug,10,3,Wed,False
20220811,2022-08-11,2022,8,Aug,11,4,Thu,False
20220812,2022-08-12,2022,8,Aug,12,5,Fri,True
20220813,2022-08-13,2022,8,Aug,13,6,Sat,False
20220814,2022-08-14,2022,8,Aug,14,7,Sun,False
20220815,2022-08-15,2022,8,Aug,15,1,Mon,False
20220816,2022-08-16,2022,8,Aug,16,2,Tue,False
20220817,2022-08-17,2022,8,Aug,17,3,Wed,False
20220818,2022-08-18,2022,8,Aug,18,4,Thu,False
20220819,2022-08-19,2022,8,Aug,19,5,Fri,True
20220820,2022-08-20,2022,8,Aug,20,6,Sat,False
20220821,2022-08-21,2022,8,Aug,21,7,Sun,False
20220822,2022-08-22,2022,8,Aug,22,1,Mon,False
20220823,2022-08-23,2022,8,Aug,23,2,Tue,False
20220824,2022-08-24,2022,8,Aug,24,3,Wed,False
20220825,2022-08-25,2022,8,Aug,25,4,Thu,False
20220826,2022-08-26,2022,8,Aug,26,5,Fri,True
20220827,2022-08-27,2022,8,Aug,27,6,Sat,False
20220828,2022-08-28,2022,8,Aug,28,7,Sun,False
20220829,2022-08-29,2022,8,Aug,29,1,Mon,False
20220830,2022-08-30,2022,8,Aug,30,2,Tue,False
20220831,2022-08-31,2022,8,Aug,31,3,Wed,False
20220901,2022-09-01,2022,9,Sep,1,4,Thu,False
20220902,2022-09-02,2022,9,Sep,2,5,Fri,True
20220903,2022-09-03,2022,9,Sep,3,6,Sat,False
20220904,2022-09-04,2022,9,Sep,4,7,Sun,False
20220905,2022-09-05,2022,9,Sep,5,1,Mon,False
20220906,2022-09-06,2022,9,Sep,6,2,Tue,False
20220907,2022-09-07,2022,9,Sep,7,3,Wed,False
20220908,2022-09-08,2022,9,Sep,8,4,Thu,False
20220909,2022-09-09,2022,9,Sep,9,5,Fri,True
20220910,2022-09-10,2022,9,Sep,10,6,Sat,False
20220911,2022-09-11,2022,9,Sep,11,7,Sun,False
20220912,2022-09-12,2022,9,Sep,12,1,Mon,False
20220913,2022-09-13,2022,9,Sep,13,2,Tue,False
20220914,2022-09-14,2022,9,Sep,14,3,Wed,False
20220915,2022-09-15,2022,9,Sep,15,4,Thu,False
20220916,2022-09-16,2022,9,Sep,16,5,Fri,True
20220917,2022-09-17,2022,9,Sep,17,6,Sat,False
20220918,2022-09-18,2022,9,Sep,18,7,Sun,False
20220919,2022-09-19,2022,9,Sep,19,1,Mon,False
20220920,2022-09-20,2022,9,Sep,20,2,Tue,False
20220921,2022-09-21,2022,9,Sep,21,3,Wed,False
20220922,2022-09-22,2022,9,Sep,22,4,Thu,False
20220923,2022-09-23,2022,9,Sep,23,5,Fri,True
20220924,2022-09-24,2022,9,Sep,24,6,Sat,False
20220925,2022-09-25,2022,9,Sep,25,7,Sun,False
20220926,2022-09-26,2022,9,Sep,26,1,Mon,False
20220927,2022-09-27,2022,9,Sep,27,2,Tue,False
20220928,2022-09-28,2022,9,Sep,28,3,Wed,False
20220929,2022-09-29,2022,9,Sep,29,4,Thu,False
20220930,2022-09-30,2022,9,Sep,30,5,Fri,True
20221001,2022-10-01,2022,10,Oct,1,6,Sat,False
20221002,2022-10-02,2022,10,Oct,2,7,Sun,False
20221003,2022-10-03,2022,10,Oct,3,1,Mon,False
20221004,2022-10-04,2022,10,Oct,4,2,Tue,False
20221005,2022-10-05,2022,10,Oct,5,3,Wed,False
20221006,2022-10-06,2022,10,Oct,6,4,Thu,False
20221007,2022-10-07,2022,10,Oct,7,5,Fri,True
20221008,2022-10-08,2022,10,Oct,8,6,Sat,False
20221009,2022-10-09,2022,10,Oct,9,7,Sun,False
20221010,2022-10-10,2022,10,Oct,10,1,Mon,False
20221011,2022-10-11,2022,10,Oct,11,2,Tue,False
20221012,2022-10-12,2022,10,Oct,12,3,Wed,False
20221013,2022-10-13,2022,10,Oct,13,4,Thu,False
20221014,2022-10-14,2022,10,Oct,14,5,Fri,True
20221015,2022-10-15,2022,10,Oct,15,6,Sat,False
20221016,2022-10-16,2022,10,Oct,16,7,Sun,False
20221017,2022-10-17,2022,10,Oct,17,1,Mon,False
20221018,2022-10-18,2022,10,Oct,18,2,Tue,False
20221019,2022-10-19,2022,10,Oct,19,3,Wed,False
20221020,2022-10-20,2022,10,Oct,20,4,Thu,False
20221021,2022-10-21,2022,10,Oct,21,5,Fri,True
20221022,2022-10-22,2022,10,Oct,22,6,Sat,False
20221023,2022-10-23,2022,10,Oct,23,7,Sun,False
20221024,2022-10-24,2022,10,Oct,24,1,Mon,False
20221025,2022-10-25,2022,10,Oct,25,2,Tue,False
20221026,2022-10-26,2022,10,Oct,26,3,Wed,False
20221027,2022-10-27,2022,10,Oct,27,4,Thu,False
20221028,2022-10-28,2022,10,Oct,28,5,Fri,True
20221029,2022-10-29,2022,10,Oct,29,6,Sat,False
20221030,2022-10-30,2022,10,Oct,30,7,Sun,False
20221031,2022-10-31,2022,10,Oct,31,1,Mon,False
20221101,2022-11-01,2022,11,Nov,1,2,Tue,False
20221102,2022-11-02,2022,11,Nov,2,3,Wed,False
20221103,2022-11-03,2022,11,Nov,3,4,Thu,False
20221104,2022-11-04,2022,11,Nov,4,5,Fri,True
20221105,2022-11-05,2022,11,Nov,5,6,Sat,False
20221106,2022-11-06,2022,11,Nov,6,7,Sun,False
20221107,2022-11-07,2022,11,Nov,7,1,Mon,False
20221108,2022-11-08,2022,11,Nov,8,2,Tue,False
20221109,2022-11-09,2022,11,Nov,9,3,Wed,False
20221110,2022-11-10,2022,11,Nov,10,4,Thu,False
20221111,2022-11-11,2022,11,Nov,11,5,Fri,True
20221112,2022-11-12,2022,11,Nov,12,6,Sat,False
20221113,2022-11-13,2022,11,Nov,13,7,Sun,False
20221114,2022-11-14,2022,11,Nov,14,1,Mon,False
20221115,2022-11-15,2022,11,Nov,15,2,Tue,False
20221116,2022-11-16,2022,11,Nov,16,3,Wed,False
20221117,2022-11-17,2022,11,Nov,17,4,Thu,False
20221118,2022-11-18,2022,11,Nov,18,5,Fri,True
20221119,2022-11-19,2022,11,Nov,19,6,Sat,False
20221120,2022-11-20,2022,11,Nov,20,7,Sun,False
20221121,2022-11-21,2022,11,Nov,21,1,Mon,False
20221122,2022-11-22,2022,11,Nov,22,2,Tue,False
20221123,2022-11-23,2022,11,Nov,23,3,Wed,False
20221124,2022-11-24,2022,11,Nov,24,4,Thu,False
20221125,2022-11-25,2022,11,Nov,25,5,Fri,True
20221126,2022-11-26,2022,11,Nov,26,6,Sat,False
20221127,2022-11-27,2022,11,Nov,27,7,Sun,False
20221128,2022-11-28,2022,11,Nov,28,1,Mon,False
20221129,2022-11-29,2022,11,Nov,29,2,Tue,False
20221130,2022-11-30,2022,11,Nov,30,3,Wed,False
20221201,2022-12-01,2022,12,Dec,1,4,Thu,False
20221202,2022-12-02,2022,12,Dec,2,5,Fri,True
20221203,2022-12-03,2022,12,Dec,3,6,Sat,False
20221204,2022-12-04,2022,12,Dec,4,7,Sun,False
20221205,2022-12-05,2022,12,Dec,5,1,Mon,False
20221206,2022-12-06,2022,12,Dec,6,2,Tue,False
20221207,2022-12-07,2022,12,Dec,7,3,Wed,False
20221208,2022-12-08,2022,12,Dec,8,4,Thu,False
20221209,2022-12-09,2022,12,Dec,9,5,Fri,True
20221210,2022-12-10,2022,12,Dec,10,6,Sat,False
20221211,2022-12-11,2022,12,Dec,11,7,Sun,False
20221212,2022-12-12,2022,12,Dec,12,1,Mon,False
20221213,2022-12-13,2022,12,Dec,13,2,Tue,False
20221214,2022-12-14,2022,12,Dec,14,3,Wed,False
20221215,2022-12-15,2022,12,Dec,15,4,Thu,False
20221216,2022-12-16,2022,12,Dec,16,5,Fri,True
20221217,2022-12-17,2022,12,Dec,17,6,Sat,False
20221218,2022-12-18,2022,12,Dec,18,7,Sun,False
20221219,2022-12-19,2022,12,Dec,19,1,Mon,False
20221220,2022-12-20,2022,12,Dec,20,2,Tue,False
20221221,2022-12-21,2022,12,Dec,21,3,Wed,False
20221222,2022-12-22,2022,12,Dec,22,4,Thu,False
20221223,2022-12-23,2022,12,Dec,23,5,Fri,True
20221224,2022-12-24,2022,12,Dec,24,6,Sat,False
20221225,2022-12-25,2022,12,Dec,25,7,Sun,False
20221226,2022-12-26,2022,12,Dec,26,1,Mon,False
20221227,2022-12-27,2022,12,Dec,27,2,Tue,False
20221228,2022-12-28,2022,12,Dec,28,3,Wed,False
20221229,2022-12-29,2022,12,Dec,29,4,Thu,False
20221230,2022-12-30,2022,12,Dec,30,5,Fri,True
20221231,2022-12-31,2022,12,Dec,31,6,Sat,False
20230101,2023-01-01,2023,1,Jan,1,7,Sun,False
20230102,2023-01-02,2023,1,Jan,2,1,Mon,False
20230103,2023-01-03,2023,1,Jan,3,2,Tue,False
20230104,2023-01-04,2023,1,Jan,4,3,Wed,False
20230105,2023-01-05,2023,1,Jan,5,4,Thu,False
20230106,2023-01-06,2023,1,Jan,6,5,Fri,True
20230107,2023-01-07,2023,1,Jan,7,6,Sat,False
20230108,2023-01-08,2023,1,Jan,8,7,Sun,False
20230109,2023-01-09,2023,1,Jan,9,1,Mon,False
20230110,2023-01-10,2023,1,Jan,10,2,Tue,False
20230111,2023-01-11,2023,1,Jan,11,3,Wed,False
20230112,2023-01-12,2023,1,Jan,12,4,Thu,False
20230113,2023-01-13,2023,1,Jan,13,5,Fri,True
20230114,2023-01-14,2023,1,Jan,14,6,Sat,False
20230115,2023-01-15,2023,1,Jan,15,7,Sun,False
20230116,2023-01-16,2023,1,Jan,16,1,Mon,False
20230117,2023-01-17,2023,1,Jan,17,2,Tue,False
20230118,2023-01-18,2023,1,Jan,18,3,Wed,False
20230119,2023-01-19,2023,1,Jan,19,4,Thu,False
20230120,2023-01-20,2023,1,Jan,20,5,Fri,True
20230121,2023-01-21,2023,1,Jan,21,6,Sat,False
20230122,2023-01-22,2023,1,Jan,22,7,Sun,False
20230123,2023-01-23,2023,1,Jan,23,1,Mon,False
20230124,2023-01-24,2023,1,Jan,24,2,Tue,False
20230125,2023-01-25,2023,1,Jan,25,3,Wed,False
20230126,2023-01-26,2023,1,Jan,26,4,Thu,False
20230127,2023-01-27,2023,1,Jan,27,5,Fri,True
20230128,2023-01-28,2023,1,Jan,28,6,Sat,False
20230129,2023-01-29,2023,1,Jan,29,7,Sun,False
20230130,2023-01-30,2023,1,Jan,30,1,Mon,False
20230131,2023-01-31,2023,1,Jan,31,2,Tue,False
20230201,2023-02-01,2023,2,Feb,1,3,Wed,False
20230202,2023-02-02,2023,2,Feb,2,4,Thu,False
20230203,2023-02-03,2023,2,Feb,3,5,Fri,True
20230204,2023-02-04,2023,2,Feb,4,6,Sat,False
20230205,2023-02-05,2023,2,Feb,5,7,Sun,False
20230206,2023-02-06,2023,2,Feb,6,1,Mon,False
20230207,2023-02-07,2023,2,Feb,7,2,Tue,False
20230208,2023-02-08,2023,2,Feb,8,3,Wed,False
20230209,2023-02-09,2023,2,Feb,9,4,Thu,False
20230210,2023-02-10,2023,2,Feb,10,5,Fri,True
20230211,2023-02-11,2023,2,Feb,11,6,Sat,False
20230212,2023-02-12,2023,2,Feb,12,7,Sun,False
20230213,2023-02-13,2023,2,Feb,13,1,Mon,False
20230214,2023-02-14,2023,2,Feb,14,2,Tue,False
20230215,2023-02-15,2023,2,Feb,15,3,Wed,False
20230216,2023-02-16,2023,2,Feb,16,4,Thu,False
20230217,2023-02-17,2023,2,Feb,17,5,Fri,True
20230218,2023-02-18,2023,2,Feb,18,6,Sat,False
20230219,2023-02-19,2023,2,Feb,19,7,Sun,False
20230220,2023-02-20,2023,2,Feb,20,1,Mon,False
20230221,2023-02-21,2023,2,Feb,21,2,Tue,False
20230222,2023-02-22,2023,2,Feb,22,3,Wed,False
20230223,2023-02-23,2023,2,Feb,23,4,Thu,False
20230224,2023-02-24,2023,2,Feb,24,5,Fri,True
20230225,2023-02-25,2023,2,Feb,25,6,Sat,False
20230226,2023-02-26,2023,2,Feb,26,7,Sun,False
20230227,2023-02-27,2023,2,Feb,27,1,Mon,False
20230228,2023-02-28,2023,2,Feb,28,2,Tue,False
20230301,2023-03-01,2023,3,Mar,1,3,Wed,False
20230302,2023-03-02,2023,3,Mar,2,4,Thu,False
20230303,2023-03-03,2023,3,Mar,3,5,Fri,True
20230304,2023-03-04,2023,3,Mar,4,6,Sat,False
20230305,2023-03-05,2023,3,Mar,5,7,Sun,False
20230306,2023-03-06,2023,3,Mar,6,1,Mon,False
20230307,2023-03-07,2023,3,Mar,7,2,Tue,False
20230308,2023-03-08,2023,3,Mar,8,3,Wed,False
20230309,2023-03-09,2023,3,Mar,9,4,Thu,False
20230310,2023-03-10,2023,3,Mar,10,5,Fri,True
20230311,2023-03-11,2023,3,Mar,11,6,Sat,False
20230312,2023-03-12,2023,3,Mar,12,7,Sun,False
20230313,2023-03-13,2023,3,Mar,13,1,Mon,False
20230314,2023-03-14,2023,3,Mar,14,2,Tue,False
20230315,2023-03-15,2023,3,Mar,15,3,Wed,False
20230316,2023-03-16,2023,3,Mar,16,4,Thu,False
20230317,2023-03-17,2023,3,Mar,17,5,Fri,True
20230318,2023-03-18,2023,3,Mar,18,6,Sat,False
20230319,2023-03-19,2023,3,Mar,19,7,Sun,False
20230320,2023-03-20,2023,3,Mar,20,1,Mon,False
20230321,2023-03-21,2023,3,Mar,21,2,Tue,False
20230322,2023-03-22,2023,3,Mar,22,3,Wed,False
20230323,2023-03-23,2023,3,Mar,23,4,Thu,False
20230324,2023-03-24,2023,3,Mar,24,5,Fri,True
20230325,2023-03-25,2023,3,Mar,25,6,Sat,False
20230326,2023-03-26,2023,3,Mar,26,7,Sun,False
20230327,2023-03-27,2023,3,Mar,27,1,Mon,False
20230328,2023-03-28,2023,3,Mar,28,2,Tue,False
20230329,2023-03-29,2023,3,Mar,29,3,Wed,False
20230330,2023-03-30,2023,3,Mar,30,4,Thu,False
20230331,2023-03-31,2023,3,Mar,31,5,Fri,True
20230401,2023-04-01,2023,4,Apr,1,6,Sat,False
20230402,2023-04-02,2023,4,Apr,2,7,Sun,False
20230403,2023-04-03,2023,4,Apr,3,1,Mon,False
20230404,2023-04-04,2023,4,Apr,4,2,Tue,False
20230405,2023-04-05,2023,4,Apr,5,3,Wed,False
20230406,2023-04-06,2023,4,Apr,6,4,Thu,False
20230407,2023-04-07,2023,4,Apr,7,5,Fri,True
20230408,2023-04-08,2023,4,Apr,8,6,Sat,False
20230409,2023-04-09,2023,4,Apr,9,7,Sun,False
20230410,2023-04-10,2023,4,Apr,10,1,Mon,False
20230411,2023-04-11,2023,4,Apr,11,2,Tue,False
20230412,2023-04-12,2023,4,Apr,12,3,Wed,False
20230413,2023-04-13,2023,4,Apr,13,4,Thu,False
20230414,2023-04-14,2023,4,Apr,14,5,Fri,True
20230415,2023-04-15,2023,4,Apr,15,6,Sat,False
20230416,2023-04-16,2023,4,Apr,16,7,Sun,False
20230417,2023-04-17,2023,4,Apr,17,1,Mon,False
20230418,2023-04-18,2023,4,Apr,18,2,Tue,False
20230419,2023-04-19,2023,4,Apr,19,3,Wed,False
20230420,2023-04-20,2023,4,Apr,20,4,Thu,False
20230421,2023-04-21,2023,4,Apr,21,5,Fri,True
20230422,2023-04-22,2023,4,Apr,22,6,Sat,False
20230423,2023-04-23,2023,4,Apr,23,7,Sun,False
20230424,2023-04-24,2023,4,Apr,24,1,Mon,False
20230425,2023-04-25,2023,4,Apr,25,2,Tue,False
20230426,2023-04-26,2023,4,Apr,26,3,Wed,False
20230427,2023-04-27,2023,4,Apr,27,4,Thu,False
20230428,2023-04-28,2023,4,Apr,28,5,Fri,True
20230429,2023-04-29,2023,4,Apr,29,6,Sat,False
20230430,2023-04-30,2023,4,Apr,30,7,Sun,False
20230501,2023-05-01,2023,5,May,1,1,Mon,False
20230502,2023-05-02,2023,5,May,2,2,Tue,False
20230503,2023-05-03,2023,5,May,3,3,Wed,False
20230504,2023-05-04,2023,5,May,4,4,Thu,False
20230505,2023-05-05,2023,5,May,5,5,Fri,True
20230506,2023-05-06,2023,5,May,6,6,Sat,False
20230507,2023-05-07,2023,5,May,7,7,Sun,False
20230508,2023-05-08,2023,5,May,8,1,Mon,False
20230509,2023-05-09,2023,5,May,9,2,Tue,False
20230510,2023-05-10,2023,5,May,10,3,Wed,False
20230511,2023-05-11,2023,5,May,11,4,Thu,False
20230512,2023-05-12,2023,5,May,12,5,Fri,True
20230513,2023-05-13,2023,5,May,13,6,Sat,False
20230514,2023-05-14,2023,5,May,14,7,Sun,False
20230515,2023-05-15,2023,5,May,15,1,Mon,False
20230516,2023-05-16,2023,5,May,16,2,Tue,False
20230517,2023-05-17,2023,5,May,17,3,Wed,False
20230518,2023-05-18,2023,5,May,18,4,Thu,False
20230519,2023-05-19,2023,5,May,19,5,Fri,True
20230520,2023-05-20,2023,5,May,20,6,Sat,False
20230521,2023-05-21,2023,5,May,21,7,Sun,False
20230522,2023-05-22,2023,5,May,22,1,Mon,False
20230523,2023-05-23,2023,5,May,23,2,Tue,False
20230524,2023-05-24,2023,5,May,24,3,Wed,False
20230525,2023-05-25,2023,5,May,25,4,Thu,False
20230526,2023-05-26,2023,5,May,26,5,Fri,True
20230527,2023-05-27,2023,5,May,27,6,Sat,False
20230528,2023-05-28,2023,5,May,28,7,Sun,False
20230529,2023-05-29,2023,5,May,29,1,Mon,False
20230530,2023-05-30,2023,5,May,30,2,Tue,False
20230531,2023-05-31,2023,5,May,31,3,Wed,False
20230601,2023-06-01,2023,6,Jun,1,4,Thu,False
20230602,2023-06-02,2023,6,Jun,2,5,Fri,True
20230603,2023-06-03,2023,6,Jun,3,6,Sat,False
20230604,2023-06-04,2023,6,Jun,4,7,Sun,False
20230605,2023-06-05,2023,6,Jun,5,1,Mon,False
20230606,2023-06-06,2023,6,Jun,6,2,Tue,False
20230607,2023-06-07,2023,6,Jun,7,3,Wed,False
20230608,2023-06-08,2023,6,Jun,8,4,Thu,False
20230609,2023-06-09,2023,6,Jun,9,5,Fri,True
20230610,2023-06-10,2023,6,Jun,10,6,Sat,False
20230611,2023-06-11,2023,6,Jun,11,7,Sun,False
20230612,2023-06-12,2023,6,Jun,12,1,Mon,False
20230613,2023-06-13,2023,6,Jun,13,2,Tue,False
20230614,2023-06-14,2023,6,Jun,14,3,Wed,False
20230615,2023-06-15,2023,6,Jun,15,4,Thu,False
20230616,2023-06-16,2023,6,Jun,16,5,Fri,True
20230617,2023-06-17,2023,6,Jun,17,6,Sat,False
20230618,2023-06-18,2023,6,Jun,18,7,Sun,False
20230619,2023-06-19,2023,6,Jun,19,1,Mon,False
20230620,2023-06-20,2023,6,Jun,20,2,Tue,False
20230621,2023-06-21,2023,6,Jun,21,3,Wed,False
20230622,2023-06-22,2023,6,Jun,22,4,Thu,False
20230623,2023-06-23,2023,6,Jun,23,5,Fri,True
20230624,2023-06-24,2023,6,Jun,24,6,Sat,False
20230625,2023-06-25,2023,6,Jun,25,7,Sun,False
20230626,2023-06-26,2023,6,Jun,26,1,Mon,False
20230627,2023-06-27,2023,6,Jun,27,2,Tue,False
20230628,2023-06-28,2023,6,Jun,28,3,Wed,False
20230629,2023-06-29,2023,6,Jun,29,4,Thu,False
20230630,2023-06-30,2023,6,Jun,30,5,Fri,True
20230701,2023-07-01,2023,7,Jul,1,6,Sat,False
20230702,2023-07-02,2023,7,Jul,2,7,Sun,False
20230703,2023-07-03,2023,7,Jul,3,1,Mon,False
20230704,2023-07-04,2023,7,Jul,4,2,Tue,False
20230705,2023-07-05,2023,7,Jul,5,3,Wed,False
20230706,2023-07-06,2023,7,Jul,6,4,Thu,False
20230707,2023-07-07,2023,7,Jul,7,5,Fri,True
20230708,2023-07-08,2023,7,Jul,8,6,Sat,False
20230709,2023-07-09,2023,7,Jul,9,7,Sun,False
20230710,2023-07-10,2023,7,Jul,10,1,Mon,False
20230711,2023-07-11,2023,7,Jul,11,2,Tue,False
20230712,2023-07-12,2023,7,Jul,12,3,Wed,False
20230713,2023-07-13,2023,7,Jul,13,4,Thu,False
20230714,2023-07-14,2023,7,Jul,14,5,Fri,True
20230715,2023-07-15,2023,7,Jul,15,6,Sat,False
20230716,2023-07-16,2023,7,Jul,16,7,Sun,False
20230717,2023-07-17,2023,7,Jul,17,1,Mon,False
20230718,2023-07-18,2023,7,Jul,18,2,Tue,False
20230719,2023-07-19,2023,7,Jul,19,3,Wed,False
20230720,2023-07-20,2023,7,Jul,20,4,Thu,False
20230721,2023-07-21,2023,7,Jul,21,5,Fri,True
20230722,2023-07-22,2023,7,Jul,22,6,Sat,False
20230723,2023-07-23,2023,7,Jul,23,7,Sun,False
20230724,2023-07-24,2023,7,Jul,24,1,Mon,False
20230725,2023-07-25,2023,7,Jul,25,2,Tue,False
20230726,2023-07-26,2023,7,Jul,26,3,Wed,False
20230727,2023-07-27,2023,7,Jul,27,4,Thu,False
20230728,2023-07-28,2023,7,Jul,28,5,Fri,True
20230729,2023-07-29,2023,7,Jul,29,6,Sat,False
20230730,2023-07-30,2023,7,Jul,30,7,Sun,False
20230731,2023-07-31,2023,7,Jul,31,1,Mon,False
20230801,2023-08-01,2023,8,Aug,1,2,Tue,False
20230802,2023-08-02,2023,8,Aug,2,3,Wed,False
20230803,2023-08-03,2023,8,Aug,3,4,Thu,False
20230804,2023-08-04,2023,8,Aug,4,5,Fri,True
20230805,2023-08-05,2023,8,Aug,5,6,Sat,False
20230806,2023-08-06,2023,8,Aug,6,7,Sun,False
20230807,2023-08-07,2023,8,Aug,7,1,Mon,False
20230808,2023-08-08,2023,8,Aug,8,2,Tue,False
20230809,2023-08-09,2023,8,Aug,9,3,Wed,False
20230810,2023-08-10,2023,8,Aug,10,4,Thu,False
20230811,2023-08-11,2023,8,Aug,11,5,Fri,True
20230812,2023-08-12,2023,8,Aug,12,6,Sat,False
20230813,2023-08-13,2023,8,Aug,13,7,Sun,False
20230814,2023-08-14,2023,8,Aug,14,1,Mon,False
20230815,2023-08-15,2023,8,Aug,15,2,Tue,False
20230816,2023-08-16,2023,8,Aug,16,3,Wed,False
20230817,2023-08-17,2023,8,Aug,17,4,Thu,False
20230818,2023-08-18,2023,8,Aug,18,5,Fri,True
20230819,2023-08-19,2023,8,Aug,19,6,Sat,False
20230820,2023-08-20,2023,8,Aug,20,7,Sun,False
20230821,2023-08-21,2023,8,Aug,21,1,Mon,False
20230822,2023-08-22,2023,8,Aug,22,2,Tue,False
20230823,2023-08-23,2023,8,Aug,23,3,Wed,False
20230824,2023-08-24,2023,8,Aug,24,4,Thu,False
20230825,2023-08-25,2023,8,Aug,25,5,Fri,True
20230826,2023-08-26,2023,8,Aug,26,6,Sat,False
20230827,2023-08-27,2023,8,Aug,27,7,Sun,False
20230828,2023-08-28,2023,8,Aug,28,1,Mon,False
20230829,2023-08-29,2023,8,Aug,29,2,Tue,False
20230830,2023-08-30,2023,8,Aug,30,3,Wed,False
20230831,2023-08-31,2023,8,Aug,31,4,Thu,False
20230901,2023-09-01,2023,9,Sep,1,5,Fri,True
20230902,2023-09-02,2023,9,Sep,2,6,Sat,False
20230903,2023-09-03,2023,9,Sep,3,7,Sun,False
20230904,2023-09-04,2023,9,Sep,4,1,Mon,False
20230905,2023-09-05,2023,9,Sep,5,2,Tue,False
20230906,2023-09-06,2023,9,Sep,6,3,Wed,False
20230907,2023-09-07,2023,9,Sep,7,4,Thu,False
20230908,2023-09-08,2023,9,Sep,8,5,Fri,True
20230909,2023-09-09,2023,9,Sep,9,6,Sat,False
20230910,2023-09-10,2023,9,Sep,10,7,Sun,False
20230911,2023-09-11,2023,9,Sep,11,1,Mon,False
20230912,2023-09-12,2023,9,Sep,12,2,Tue,False
20230913,2023-09-13,2023,9,Sep,13,3,Wed,False
20230914,2023-09-14,2023,9,Sep,14,4,Thu,False
20230915,2023-09-15,2023,9,Sep,15,5,Fri,True
20230916,2023-09-16,2023,9,Sep,16,6,Sat,False
20230917,2023-09-17,2023,9,Sep,17,7,Sun,False
20230918,2023-09-18,2023,9,Sep,18,1,Mon,False
20230919,2023-09-19,2023,9,Sep,19,2,Tue,False
20230920,2023-09-20,2023,9,Sep,20,3,Wed,False
20230921,2023-09-21,2023,9,Sep,21,4,Thu,False
20230922,2023-09-22,2023,9,Sep,22,5,Fri,True
20230923,2023-09-23,2023,9,Sep,23,6,Sat,False
20230924,2023-09-24,2023,9,Sep,24,7,Sun,False
20230925,2023-09-25,2023,9,Sep,25,1,Mon,False
20230926,2023-09-26,2023,9,Sep,26,2,Tue,False
20230927,2023-09-27,2023,9,Sep,27,3,Wed,False
20230928,2023-09-28,2023,9,Sep,28,4,Thu,False
20230929,2023-09-29,2023,9,Sep,29,5,Fri,True
20230930,2023-09-30,2023,9,Sep,30,6,Sat,False
20231001,2023-10-01,2023,10,Oct,1,7,Sun,False
20231002,2023-10-02,2023,10,Oct,2,1,Mon,False
20231003,2023-10-03,2023,10,Oct,3,2,Tue,False
20231004,2023-10-04,2023,10,Oct,4,3,Wed,False
20231005,2023-10-05,2023,10,Oct,5,4,Thu,False
20231006,2023-10-06,2023,10,Oct,6,5,Fri,True
20231007,2023-10-07,2023,10,Oct,7,6,Sat,False
20231008,2023-10-08,2023,10,Oct,8,7,Sun,False
20231009,2023-10-09,2023,10,Oct,9,1,Mon,False
20231010,2023-10-10,2023,10,Oct,10,2,Tue,False
20231011,2023-10-11,2023,10,Oct,11,3,Wed,False
20231012,2023-10-12,2023,10,Oct,12,4,Thu,False
20231013,2023-10-13,2023,10,Oct,13,5,Fri,True
20231014,2023-10-14,2023,10,Oct,14,6,Sat,False
20231015,2023-10-15,2023,10,Oct,15,7,Sun,False
20231016,2023-10-16,2023,10,Oct,16,1,Mon,False
20231017,2023-10-17,2023,10,Oct,17,2,Tue,False
20231018,2023-10-18,2023,10,Oct,18,3,Wed,False
20231019,2023-10-19,2023,10,Oct,19,4,Thu,False
20231020,2023-10-20,2023,10,Oct,20,5,Fri,True
20231021,2023-10-21,2023,10,Oct,21,6,Sat,False
20231022,2023-10-22,2023,10,Oct,22,7,Sun,False
20231023,2023-10-23,2023,10,Oct,23,1,Mon,False
20231024,2023-10-24,2023,10,Oct,24,2,Tue,False
20231025,2023-10-25,2023,10,Oct,25,3,Wed,False
20231026,2023-10-26,2023,10,Oct,26,4,Thu,False
20231027,2023-10-27,2023,10,Oct,27,5,Fri,True
20231028,2023-10-28,2023,10,Oct,28,6,Sat,False
20231029,2023-10-29,2023,10,Oct,29,7,Sun,False
20231030,2023-10-30,2023,10,Oct,30,1,Mon,False
20231031,2023-10-31,2023,10,Oct,31,2,Tue,False
20231101,2023-11-01,2023,11,Nov,1,3,Wed,False
20231102,2023-11-02,2023,11,Nov,2,4,Thu,False
20231103,2023-11-03,2023,11,Nov,3,5,Fri,True
20231104,2023-11-04,2023,11,Nov,4,6,Sat,False
20231105,2023-11-05,2023,11,Nov,5,7,Sun,False
20231106,2023-11-06,2023,11,Nov,6,1,Mon,False
20231107,2023-11-07,2023,11,Nov,7,2,Tue,False
20231108,2023-11-08,2023,11,Nov,8,3,Wed,False
20231109,2023-11-09,2023,11,Nov,9,4,Thu,False
20231110,2023-11-10,2023,11,Nov,10,5,Fri,True
20231111,2023-11-11,2023,11,Nov,11,6,Sat,False
20231112,2023-11-12,2023,11,Nov,12,7,Sun,False
20231113,2023-11-13,2023,11,Nov,13,1,Mon,False
20231114,2023-11-14,2023,11,Nov,14,2,Tue,False
20231115,2023-11-15,2023,11,Nov,15,3,Wed,False
20231116,2023-11-16,2023,11,Nov,16,4,Thu,False
20231117,2023-11-17,2023,11,Nov,17,5,Fri,True
20231118,2023-11-18,2023,11,Nov,18,6,Sat,False
20231119,2023-11-19,2023,11,Nov,19,7,Sun,False
20231120,2023-11-20,2023,11,Nov,20,1,Mon,False
20231121,2023-11-21,2023,11,Nov,21,2,Tue,False
20231122,2023-11-22,2023,11,Nov,22,3,Wed,False
20231123,2023-11-23,2023,11,Nov,23,4,Thu,False
20231124,2023-11-24,2023,11,Nov,24,5,Fri,True
20231125,2023-11-25,2023,11,Nov,25,6,Sat,False
20231126,2023-11-26,2023,11,Nov,26,7,Sun,False
20231127,2023-11-27,2023,11,Nov,27,1,Mon,False
20231128,2023-11-28,2023,11,Nov,28,2,Tue,False
20231129,2023-11-29,2023,11,Nov,29,3,Wed,False
20231130,2023-11-30,2023,11,Nov,30,4,Thu,False
20231201,2023-12-01,2023,12,Dec,1,5,Fri,True
20231202,2023-12-02,2023,12,Dec,2,6,Sat,False
20231203,2023-12-03,2023,12,Dec,3,7,Sun,False
20231204,2023-12-04,2023,12,Dec,4,1,Mon,False
20231205,2023-12-05,2023,12,Dec,5,2,Tue,False
20231206,2023-12-06,2023,12,Dec,6,3,Wed,False
20231207,2023-12-07,2023,12,Dec,7,4,Thu,False
20231208,2023-12-08,2023,12,Dec,8,5,Fri,True
20231209,2023-12-09,2023,12,Dec,9,6,Sat,False
20231210,2023-12-10,2023,12,Dec,10,7,Sun,False
20231211,2023-12-11,2023,12,Dec,11,1,Mon,False
20231212,2023-12-12,2023,12,Dec,12,2,Tue,False
20231213,2023-12-13,2023,12,Dec,13,3,Wed,False
20231214,2023-12-14,2023,12,Dec,14,4,Thu,False
20231215,2023-12-15,2023,12,Dec,15,5,Fri,True
20231216,2023-12-16,2023,12,Dec,16,6,Sat,False
20231217,2023-12-17,2023,12,Dec,17,7,Sun,False
20231218,2023-12-18,2023,12,Dec,18,1,Mon,False
20231219,2023-12-19,2023,12,Dec,19,2,Tue,False
20231220,2023-12-20,2023,12,Dec,20,3,Wed,False
20231221,2023-12-21,2023,12,Dec,21,4,Thu,False
20231222,2023-12-22,2023,12,Dec,22,5,Fri,True
20231223,2023-12-23,2023,12,Dec,23,6,Sat,False
20231224,2023-12-24,2023,12,Dec,24,7,Sun,False
20231225,2023-12-25,2023,12,Dec,25,1,Mon,False
20231226,2023-12-26,2023,12,Dec,26,2,Tue,False
20231227,2023-12-27,2023,12,Dec,27,3,Wed,False
20231228,2023-12-28,2023,12,Dec,28,4,Thu,False
20231229,2023-12-29,2023,12,Dec,29,5,Fri,True
20231230,2023-12-30,2023,12,Dec,30,6,Sat,False
20231231,2023-12-31,2023,12,Dec,31,7,Sun,False
20240101,2024-01-01,2024,1,Jan,1,1,Mon,False
20240102,2024-01-02,2024,1,Jan,2,2,Tue,False
20240103,2024-01-03,2024,1,Jan,3,3,Wed,False
20240104,2024-01-04,2024,1,Jan,4,4,Thu,False
20240105,2024-01-05,2024,1,Jan,5,5,Fri,True
20240106,2024-01-06,2024,1,Jan,6,6,Sat,False
20240107,2024-01-07,2024,1,Jan,7,7,Sun,False
20240108,2024-01-08,2024,1,Jan,8,1,Mon,False
20240109,2024-01-09,2024,1,Jan,9,2,Tue,False
20240110,2024-01-10,2024,1,Jan,10,3,Wed,False
20240111,2024-01-11,2024,1,Jan,11,4,Thu,False
20240112,2024-01-12,2024,1,Jan,12,5,Fri,True
20240113,2024-01-13,2024,1,Jan,13,6,Sat,False
20240114,2024-01-14,2024,1,Jan,14,7,Sun,False
20240115,2024-01-15,2024,1,Jan,15,1,Mon,False
20240116,2024-01-16,2024,1,Jan,16,2,Tue,False
20240117,2024-01-17,2024,1,Jan,17,3,Wed,False
20240118,2024-01-18,2024,1,Jan,18,4,Thu,False
20240119,2024-01-19,2024,1,Jan,19,5,Fri,True
20240120,2024-01-20,2024,1,Jan,20,6,Sat,False
20240121,2024-01-21,2024,1,Jan,21,7,Sun,False
20240122,2024-01-22,2024,1,Jan,22,1,Mon,False
20240123,2024-01-23,2024,1,Jan,23,2,Tue,False
20240124,2024-01-24,2024,1,Jan,24,3,Wed,False
20240125,2024-01-25,2024,1,Jan,25,4,Thu,False
20240126,2024-01-26,2024,1,Jan,26,5,Fri,True
20240127,2024-01-27,2024,1,Jan,27,6,Sat,False
20240128,2024-01-28,2024,1,Jan,28,7,Sun,False
20240129,2024-01-29,2024,1,Jan,29,1,Mon,False
20240130,2024-01-30,2024,1,Jan,30,2,Tue,False
20240131,2024-01-31,2024,1,Jan,31,3,Wed,False
20240201,2024-02-01,2024,2,Feb,1,4,Thu,False
20240202,2024-02-02,2024,2,Feb,2,5,Fri,True
20240203,2024-02-03,2024,2,Feb,3,6,Sat,False
20240204,2024-02-04,2024,2,Feb,4,7,Sun,False
20240205,2024-02-05,2024,2,Feb,5,1,Mon,False
20240206,2024-02-06,2024,2,Feb,6,2,Tue,False
20240207,2024-02-07,2024,2,Feb,7,3,Wed,False
20240208,2024-02-08,2024,2,Feb,8,4,Thu,False
20240209,2024-02-09,2024,2,Feb,9,5,Fri,True
20240210,2024-02-10,2024,2,Feb,10,6,Sat,False
20240211,2024-02-11,2024,2,Feb,11,7,Sun,False
20240212,2024-02-12,2024,2,Feb,12,1,Mon,False
20240213,2024-02-13,2024,2,Feb,13,2,Tue,False
20240214,2024-02-14,2024,2,Feb,14,3,Wed,False
20240215,2024-02-15,2024,2,Feb,15,4,Thu,False
20240216,2024-02-16,2024,2,Feb,16,5,Fri,True
20240217,2024-02-17,2024,2,Feb,17,6,Sat,False
20240218,2024-02-18,2024,2,Feb,18,7,Sun,False
20240219,2024-02-19,2024,2,Feb,19,1,Mon,False
20240220,2024-02-20,2024,2,Feb,20,2,Tue,False
20240221,2024-02-21,2024,2,Feb,21,3,Wed,False
20240222,2024-02-22,2024,2,Feb,22,4,Thu,False
20240223,2024-02-23,2024,2,Feb,23,5,Fri,True
20240224,2024-02-24,2024,2,Feb,24,6,Sat,False
20240225,2024-02-25,2024,2,Feb,25,7,Sun,False
20240226,2024-02-26,2024,2,Feb,26,1,Mon,False
20240227,2024-02-27,2024,2,Feb,27,2,Tue,False
20240228,2024-02-28,2024,2,Feb,28,3,Wed,False
20240229,2024-02-29,2024,2,Feb,29,4,Thu,False
20240301,2024-03-01,2024,3,Mar,1,5,Fri,True
20240302,2024-03-02,2024,3,Mar,2,6,Sat,False
20240303,2024-03-03,2024,3,Mar,3,7,Sun,False
20240304,2024-03-04,2024,3,Mar,4,1,Mon,False
20240305,2024-03-05,2024,3,Mar,5,2,Tue,False
20240306,2024-03-06,2024,3,Mar,6,3,Wed,False
20240307,2024-03-07,2024,3,Mar,7,4,Thu,False
20240308,2024-03-08,2024,3,Mar,8,5,Fri,True
20240309,2024-03-09,2024,3,Mar,9,6,Sat,False
20240310,2024-03-10,2024,3,Mar,10,7,Sun,False
20240311,2024-03-11,2024,3,Mar,11,1,Mon,False
20240312,2024-03-12,2024,3,Mar,12,2,Tue,False
20240313,2024-03-13,2024,3,Mar,13,3,Wed,False
20240314,2024-03-14,2024,3,Mar,14,4,Thu,False
20240315,2024-03-15,2024,3,Mar,15,5,Fri,True
20240316,2024-03-16,2024,3,Mar,16,6,Sat,False
20240317,2024-03-17,2024,3,Mar,17,7,Sun,False
20240318,2024-03-18,2024,3,Mar,18,1,Mon,False
20240319,2024-03-19,2024,3,Mar,19,2,Tue,False
20240320,2024-03-20,2024,3,Mar,20,3,Wed,False
20240321,2024-03-21,2024,3,Mar,21,4,Thu,False
20240322,2024-03-22,2024,3,Mar,22,5,Fri,True
20240323,2024-03-23,2024,3,Mar,23,6,Sat,False
20240324,2024-03-24,2024,3,Mar,24,7,Sun,False
20240325,2024-03-25,2024,3,Mar,25,1,Mon,False
20240326,2024-03-26,2024,3,Mar,26,2,Tue,False
20240327,2024-03-27,2024,3,Mar,27,3,Wed,False
20240328,2024-03-28,2024,3,Mar,28,4,Thu,False
20240329,2024-03-29,2024,3,Mar,29,5,Fri,True
20240330,2024-03-30,2024,3,Mar,30,6,Sat,False
20240331,2024-03-31,2024,3,Mar,31,7,Sun,False
20240401,2024-04-01,2024,4,Apr,1,1,Mon,False
20240402,2024-04-02,2024,4,Apr,2,2,Tue,False
20240403,2024-04-03,2024,4,Apr,3,3,Wed,False
20240404,2024-04-04,2024,4,Apr,4,4,Thu,False
20240405,2024-04-05,2024,4,Apr,5,5,Fri,True
20240406,2024-04-06,2024,4,Apr,6,6,Sat,False
20240407,2024-04-07,2024,4,Apr,7,7,Sun,False
20240408,2024-04-08,2024,4,Apr,8,1,Mon,False
20240409,2024-04-09,2024,4,Apr,9,2,Tue,False
20240410,2024-04-10,2024,4,Apr,10,3,Wed,False
20240411,2024-04-11,2024,4,Apr,11,4,Thu,False
20240412,2024-04-12,2024,4,Apr,12,5,Fri,True
20240413,2024-04-13,2024,4,Apr,13,6,Sat,False
20240414,2024-04-14,2024,4,Apr,14,7,Sun,False
20240415,2024-04-15,2024,4,Apr,15,1,Mon,False
20240416,2024-04-16,2024,4,Apr,16,2,Tue,False
20240417,2024-04-17,2024,4,Apr,17,3,Wed,False
20240418,2024-04-18,2024,4,Apr,18,4,Thu,False
20240419,2024-04-19,2024,4,Apr,19,5,Fri,True
20240420,2024-04-20,2024,4,Apr,20,6,Sat,False
20240421,2024-04-21,2024,4,Apr,21,7,Sun,False
20240422,2024-04-22,2024,4,Apr,22,1,Mon,False
20240423,2024-04-23,2024,4,Apr,23,2,Tue,False
20240424,2024-04-24,2024,4,Apr,24,3,Wed,False
20240425,2024-04-25,2024,4,Apr,25,4,Thu,False
20240426,2024-04-26,2024,4,Apr,26,5,Fri,True
20240427,2024-04-27,2024,4,Apr,27,6,Sat,False
20240428,2024-04-28,2024,4,Apr,28,7,Sun,False
20240429,2024-04-29,2024,4,Apr,29,1,Mon,False
20240430,2024-04-30,2024,4,Apr,30,2,Tue,False
20240501,2024-05-01,2024,5,May,1,3,Wed,False
20240502,2024-05-02,2024,5,May,2,4,Thu,False
20240503,2024-05-03,2024,5,May,3,5,Fri,True
20240504,2024-05-04,2024,5,May,4,6,Sat,False
20240505,2024-05-05,2024,5,May,5,7,Sun,False
20240506,2024-05-06,2024,5,May,6,1,Mon,False
20240507,2024-05-07,2024,5,May,7,2,Tue,False
20240508,2024-05-08,2024,5,May,8,3,Wed,False
20240509,2024-05-09,2024,5,May,9,4,Thu,False
20240510,2024-05-10,2024,5,May,10,5,Fri,True
20240511,2024-05-11,2024,5,May,11,6,Sat,False
20240512,2024-05-12,2024,5,May,12,7,Sun,False
20240513,2024-05-13,2024,5,May,13,1,Mon,False
20240514,2024-05-14,2024,5,May,14,2,Tue,False
20240515,2024-05-15,2024,5,May,15,3,Wed,False
20240516,2024-05-16,2024,5,May,16,4,Thu,False
20240517,2024-05-17,2024,5,May,17,5,Fri,True
20240518,2024-05-18,2024,5,May,18,6,Sat,False
20240519,2024-05-19,2024,5,May,19,7,Sun,False
20240520,2024-05-20,2024,5,May,20,1,Mon,False
20240521,2024-05-21,2024,5,May,21,2,Tue,False
20240522,2024-05-22,2024,5,May,22,3,Wed,False
20240523,2024-05-23,2024,5,May,23,4,Thu,False
20240524,2024-05-24,2024,5,May,24,5,Fri,True
20240525,2024-05-25,2024,5,May,25,6,Sat,False
20240526,2024-05-26,2024,5,May,26,7,Sun,False
20240527,2024-05-27,2024,5,May,27,1,Mon,False
20240528,2024-05-28,2024,5,May,28,2,Tue,False
20240529,2024-05-29,2024,5,May,29,3,Wed,False
20240530,2024-05-30,2024,5,May,30,4,Thu,False
20240531,2024-05-31,2024,5,May,31,5,Fri,True
20240601,2024-06-01,2024,6,Jun,1,6,Sat,False
20240602,2024-06-02,2024,6,Jun,2,7,Sun,False
20240603,2024-06-03,2024,6,Jun,3,1,Mon,False
20240604,2024-06-04,2024,6,Jun,4,2,Tue,False
20240605,2024-06-05,2024,6,Jun,5,3,Wed,False
20240606,2024-06-06,2024,6,Jun,6,4,Thu,False
20240607,2024-06-07,2024,6,Jun,7,5,Fri,True
20240608,2024-06-08,2024,6,Jun,8,6,Sat,False
20240609,2024-06-09,2024,6,Jun,9,7,Sun,False
20240610,2024-06-10,2024,6,Jun,10,1,Mon,False
20240611,2024-06-11,2024,6,Jun,11,2,Tue,False
20240612,2024-06-12,2024,6,Jun,12,3,Wed,False
20240613,2024-06-13,2024,6,Jun,13,4,Thu,False
20240614,2024-06-14,2024,6,Jun,14,5,Fri,True
20240615,2024-06-15,2024,6,Jun,15,6,Sat,False
20240616,2024-06-16,2024,6,Jun,16,7,Sun,False
20240617,2024-06-17,2024,6,Jun,17,1,Mon,False
20240618,2024-06-18,2024,6,Jun,18,2,Tue,False
20240619,2024-06-19,2024,6,Jun,19,3,Wed,False
20240620,2024-06-20,2024,6,Jun,20,4,Thu,False
20240621,2024-06-21,2024,6,Jun,21,5,Fri,True
20240622,2024-06-22,2024,6,Jun,22,6,Sat,False
20240623,2024-06-23,2024,6,Jun,23,7,Sun,False
20240624,2024-06-24,2024,6,Jun,24,1,Mon,False
20240625,2024-06-25,2024,6,Jun,25,2,Tue,False
20240626,2024-06-26,2024,6,Jun,26,3,Wed,False
20240627,2024-06-27,2024,6,Jun,27,4,Thu,False
20240628,2024-06-28,2024,6,Jun,28,5,Fri,True
20240629,2024-06-29,2024,6,Jun,29,6,Sat,False
20240630,2024-06-30,2024,6,Jun,30,7,Sun,False
20240701,2024-07-01,2024,7,Jul,1,1,Mon,False
20240702,2024-07-02,2024,7,Jul,2,2,Tue,False
20240703,2024-07-03,2024,7,Jul,3,3,Wed,False
20240704,2024-07-04,2024,7,Jul,4,4,Thu,False
20240705,2024-07-05,2024,7,Jul,5,5,Fri,True
20240706,2024-07-06,2024,7,Jul,6,6,Sat,False
20240707,2024-07-07,2024,7,Jul,7,7,Sun,False
20240708,2024-07-08,2024,7,Jul,8,1,Mon,False
20240709,2024-07-09,2024,7,Jul,9,2,Tue,False
20240710,2024-07-10,2024,7,Jul,10,3,Wed,False
20240711,2024-07-11,2024,7,Jul,11,4,Thu,False
20240712,2024-07-12,2024,7,Jul,12,5,Fri,True
20240713,2024-07-13,2024,7,Jul,13,6,Sat,False
20240714,2024-07-14,2024,7,Jul,14,7,Sun,False
20240715,2024-07-15,2024,7,Jul,15,1,Mon,False
20240716,2024-07-16,2024,7,Jul,16,2,Tue,False
20240717,2024-07-17,2024,7,Jul,17,3,Wed,False
20240718,2024-07-18,2024,7,Jul,18,4,Thu,False
20240719,2024-07-19,2024,7,Jul,19,5,Fri,True
20240720,2024-07-20,2024,7,Jul,20,6,Sat,False
20240721,2024-07-21,2024,7,Jul,21,7,Sun,False
20240722,2024-07-22,2024,7,Jul,22,1,Mon,False
20240723,2024-07-23,2024,7,Jul,23,2,Tue,False
20240724,2024-07-24,2024,7,Jul,24,3,Wed,False
20240725,2024-07-25,2024,7,Jul,25,4,Thu,False
20240726,2024-07-26,2024,7,Jul,26,5,Fri,True
20240727,2024-07-27,2024,7,Jul,27,6,Sat,False
20240728,2024-07-28,2024,7,Jul,28,7,Sun,False
20240729,2024-07-29,2024,7,Jul,29,1,Mon,False
20240730,2024-07-30,2024,7,Jul,30,2,Tue,False
20240731,2024-07-31,2024,7,Jul,31,3,Wed,False
20240801,2024-08-01,2024,8,Aug,1,4,Thu,False
20240802,2024-08-02,2024,8,Aug,2,5,Fri,True
20240803,2024-08-03,2024,8,Aug,3,6,Sat,False
20240804,2024-08-04,2024,8,Aug,4,7,Sun,False
20240805,2024-08-05,2024,8,Aug,5,1,Mon,False
20240806,2024-08-06,2024,8,Aug,6,2,Tue,False
20240807,2024-08-07,2024,8,Aug,7,3,Wed,False
20240808,2024-08-08,2024,8,Aug,8,4,Thu,False
20240809,2024-08-09,2024,8,Aug,9,5,Fri,True
20240810,2024-08-10,2024,8,Aug,10,6,Sat,False
20240811,2024-08-11,2024,8,Aug,11,7,Sun,False
20240812,2024-08-12,2024,8,Aug,12,1,Mon,False
20240813,2024-08-13,2024,8,Aug,13,2,Tue,False
20240814,2024-08-14,2024,8,Aug,14,3,Wed,False
20240815,2024-08-15,2024,8,Aug,15,4,Thu,False
20240816,2024-08-16,2024,8,Aug,16,5,Fri,True
20240817,2024-08-17,2024,8,Aug,17,6,Sat,False
20240818,2024-08-18,2024,8,Aug,18,7,Sun,False
20240819,2024-08-19,2024,8,Aug,19,1,Mon,False
20240820,2024-08-20,2024,8,Aug,20,2,Tue,False
20240821,2024-08-21,2024,8,Aug,21,3,Wed,False
20240822,2024-08-22,2024,8,Aug,22,4,Thu,False
20240823,2024-08-23,2024,8,Aug,23,5,Fri,True
20240824,2024-08-24,2024,8,Aug,24,6,Sat,False
20240825,2024-08-25,2024,8,Aug,25,7,Sun,False
20240826,2024-08-26,2024,8,Aug,26,1,Mon,False
20240827,2024-08-27,2024,8,Aug,27,2,Tue,False
20240828,2024-08-28,2024,8,Aug,28,3,Wed,False
20240829,2024-08-29,2024,8,Aug,29,4,Thu,False
20240830,2024-08-30,2024,8,Aug,30,5,Fri,True
20240831,2024-08-31,2024,8,Aug,31,6,Sat,False
20240901,2024-09-01,2024,9,Sep,1,7,Sun,False
20240902,2024-09-02,2024,9,Sep,2,1,Mon,False
20240903,2024-09-03,2024,9,Sep,3,2,Tue,False
20240904,2024-09-04,2024,9,Sep,4,3,Wed,False
20240905,2024-09-05,2024,9,Sep,5,4,Thu,False
20240906,2024-09-06,2024,9,Sep,6,5,Fri,True
20240907,2024-09-07,2024,9,Sep,7,6,Sat,False
20240908,2024-09-08,2024,9,Sep,8,7,Sun,False
20240909,2024-09-09,2024,9,Sep,9,1,Mon,False
20240910,2024-09-10,2024,9,Sep,10,2,Tue,False
20240911,2024-09-11,2024,9,Sep,11,3,Wed,False
20240912,2024-09-12,2024,9,Sep,12,4,Thu,False
20240913,2024-09-13,2024,9,Sep,13,5,Fri,True
20240914,2024-09-14,2024,9,Sep,14,6,Sat,False
20240915,2024-09-15,2024,9,Sep,15,7,Sun,False
20240916,2024-09-16,2024,9,Sep,16,1,Mon,False
20240917,2024-09-17,2024,9,Sep,17,2,Tue,False
20240918,2024-09-18,2024,9,Sep,18,3,Wed,False
20240919,2024-09-19,2024,9,Sep,19,4,Thu,False
20240920,2024-09-20,2024,9,Sep,20,5,Fri,True
20240921,2024-09-21,2024,9,Sep,21,6,Sat,False
20240922,2024-09-22,2024,9,Sep,22,7,Sun,False
20240923,2024-09-23,2024,9,Sep,23,1,Mon,False
20240924,2024-09-24,2024,9,Sep,24,2,Tue,False
20240925,2024-09-25,2024,9,Sep,25,3,Wed,False
20240926,2024-09-26,2024,9,Sep,26,4,Thu,False
20240927,2024-09-27,2024,9,Sep,27,5,Fri,True
20240928,2024-09-28,2024,9,Sep,28,6,Sat,False
20240929,2024-09-29,2024,9,Sep,29,7,Sun,False
20240930,2024-09-30,2024,9,Sep,30,1,Mon,False
20241001,2024-10-01,2024,10,Oct,1,2,Tue,False
20241002,2024-10-02,2024,10,Oct,2,3,Wed,False
20241003,2024-10-03,2024,10,Oct,3,4,Thu,False
20241004,2024-10-04,2024,10,Oct,4,5,Fri,True
20241005,2024-10-05,2024,10,Oct,5,6,Sat,False
20241006,2024-10-06,2024,10,Oct,6,7,Sun,False
20241007,2024-10-07,2024,10,Oct,7,1,Mon,False
20241008,2024-10-08,2024,10,Oct,8,2,Tue,False
20241009,2024-10-09,2024,10,Oct,9,3,Wed,False
20241010,2024-10-10,2024,10,Oct,10,4,Thu,False
20241011,2024-10-11,2024,10,Oct,11,5,Fri,True
20241012,2024-10-12,2024,10,Oct,12,6,Sat,False
20241013,2024-10-13,2024,10,Oct,13,7,Sun,False
20241014,2024-10-14,2024,10,Oct,14,1,Mon,False
20241015,2024-10-15,2024,10,Oct,15,2,Tue,False
20241016,2024-10-16,2024,10,Oct,16,3,Wed,False
20241017,2024-10-17,2024,10,Oct,17,4,Thu,False
20241018,2024-10-18,2024,10,Oct,18,5,Fri,True
20241019,2024-10-19,2024,10,Oct,19,6,Sat,False
20241020,2024-10-20,2024,10,Oct,20,7,Sun,False
20241021,2024-10-21,2024,10,Oct,21,1,Mon,False
20241022,2024-10-22,2024,10,Oct,22,2,Tue,False
20241023,2024-10-23,2024,10,Oct,23,3,Wed,False
20241024,2024-10-24,2024,10,Oct,24,4,Thu,False
20241025,2024-10-25,2024,10,Oct,25,5,Fri,True
20241026,2024-10-26,2024,10,Oct,26,6,Sat,False
20241027,2024-10-27,2024,10,Oct,27,7,Sun,False
20241028,2024-10-28,2024,10,Oct,28,1,Mon,False
20241029,2024-10-29,2024,10,Oct,29,2,Tue,False
20241030,2024-10-30,2024,10,Oct,30,3,Wed,False
20241031,2024-10-31,2024,10,Oct,31,4,Thu,False
20241101,2024-11-01,2024,11,Nov,1,5,Fri,True
20241102,2024-11-02,2024,11,Nov,2,6,Sat,False
20241103,2024-11-03,2024,11,Nov,3,7,Sun,False
20241104,2024-11-04,2024,11,Nov,4,1,Mon,False
20241105,2024-11-05,2024,11,Nov,5,2,Tue,False
20241106,2024-11-06,2024,11,Nov,6,3,Wed,False
20241107,2024-11-07,2024,11,Nov,7,4,Thu,False
20241108,2024-11-08,2024,11,Nov,8,5,Fri,True
20241109,2024-11-09,2024,11,Nov,9,6,Sat,False
20241110,2024-11-10,2024,11,Nov,10,7,Sun,False
20241111,2024-11-11,2024,11,Nov,11,1,Mon,False
20241112,2024-11-12,2024,11,Nov,12,2,Tue,False
20241113,2024-11-13,2024,11,Nov,13,3,Wed,False
20241114,2024-11-14,2024,11,Nov,14,4,Thu,False
20241115,2024-11-15,2024,11,Nov,15,5,Fri,True
20241116,2024-11-16,2024,11,Nov,16,6,Sat,False
20241117,2024-11-17,2024,11,Nov,17,7,Sun,False
20241118,2024-11-18,2024,11,Nov,18,1,Mon,False
20241119,2024-11-19,2024,11,Nov,19,2,Tue,False
20241120,2024-11-20,2024,11,Nov,20,3,Wed,False
20241121,2024-11-21,2024,11,Nov,21,4,Thu,False
20241122,2024-11-22,2024,11,Nov,22,5,Fri,True
20241123,2024-11-23,2024,11,Nov,23,6,Sat,False
20241124,2024-11-24,2024,11,Nov,24,7,Sun,False
20241125,2024-11-25,2024,11,Nov,25,1,Mon,False
20241126,2024-11-26,2024,11,Nov,26,2,Tue,False
20241127,2024-11-27,2024,11,Nov,27,3,Wed,False
20241128,2024-11-28,2024,11,Nov,28,4,Thu,False
20241129,2024-11-29,2024,11,Nov,29,5,Fri,True
20241130,2024-11-30,2024,11,Nov,30,6,Sat,False
20241201,2024-12-01,2024,12,Dec,1,7,Sun,False
20241202,2024-12-02,2024,12,Dec,2,1,Mon,False
20241203,2024-12-03,2024,12,Dec,3,2,Tue,False
20241204,2024-12-04,2024,12,Dec,4,3,Wed,False
20241205,2024-12-05,2024,12,Dec,5,4,Thu,False
20241206,2024-12-06,2024,12,Dec,6,5,Fri,True
20241207,2024-12-07,2024,12,Dec,7,6,Sat,False
20241208,2024-12-08,2024,12,Dec,8,7,Sun,False
20241209,2024-12-09,2024,12,Dec,9,1,Mon,False
20241210,2024-12-10,2024,12,Dec,10,2,Tue,False
20241211,2024-12-11,2024,12,Dec,11,3,Wed,False
20241212,2024-12-12,2024,12,Dec,12,4,Thu,False
20241213,2024-12-13,2024,12,Dec,13,5,Fri,True
20241214,2024-12-14,2024,12,Dec,14,6,Sat,False
20241215,2024-12-15,2024,12,Dec,15,7,Sun,False
20241216,2024-12-16,2024,12,Dec,16,1,Mon,False
20241217,2024-12-17,2024,12,Dec,17,2,Tue,False
20241218,2024-12-18,2024,12,Dec,18,3,Wed,False
20241219,2024-12-19,2024,12,Dec,19,4,Thu,False
20241220,2024-12-20,2024,12,Dec,20,5,Fri,True
20241221,2024-12-21,2024,12,Dec,21,6,Sat,False
20241222,2024-12-22,2024,12,Dec,22,7,Sun,False
20241223,2024-12-23,2024,12,Dec,23,1,Mon,False
20241224,2024-12-24,2024,12,Dec,24,2,Tue,False
20241225,2024-12-25,2024,12,Dec,25,3,Wed,False
20241226,2024-12-26,2024,12,Dec,26,4,Thu,False
20241227,2024-12-27,2024,12,Dec,27,5,Fri,True
20241228,2024-12-28,2024,12,Dec,28,6,Sat,False
20241229,2024-12-29,2024,12,Dec,29,7,Sun,False
20241230,2024-12-30,2024,12,Dec,30,1,Mon,False
20241231,2024-12-31,2024,12,Dec,31,2,Tue,False
20250101,2025-01-01,2025,1,Jan,1,3,Wed,False
20250102,2025-01-02,2025,1,Jan,2,4,Thu,False
20250103,2025-01-03,2025,1,Jan,3,5,Fri,True
20250104,2025-01-04,2025,1,Jan,4,6,Sat,False
20250105,2025-01-05,2025,1,Jan,5,7,Sun,False
20250106,2025-01-06,2025,1,Jan,6,1,Mon,False
20250107,2025-01-07,2025,1,Jan,7,2,Tue,False
20250108,2025-01-08,2025,1,Jan,8,3,Wed,False
20250109,2025-01-09,2025,1,Jan,9,4,Thu,False
20250110,2025-01-10,2025,1,Jan,10,5,Fri,True
20250111,2025-01-11,2025,1,Jan,11,6,Sat,False
20250112,2025-01-12,2025,1,Jan,12,7,Sun,False
20250113,2025-01-13,2025,1,Jan,13,1,Mon,False
20250114,2025-01-14,2025,1,Jan,14,2,Tue,False
20250115,2025-01-15,2025,1,Jan,15,3,Wed,False
20250116,2025-01-16,2025,1,Jan,16,4,Thu,False
20250117,2025-01-17,2025,1,Jan,17,5,Fri,True
20250118,2025-01-18,2025,1,Jan,18,6,Sat,False
20250119,2025-01-19,2025,1,Jan,19,7,Sun,False
20250120,2025-01-20,2025,1,Jan,20,1,Mon,False
20250121,2025-01-21,2025,1,Jan,21,2,Tue,False
20250122,2025-01-22,2025,1,Jan,22,3,Wed,False
20250123,2025-01-23,2025,1,Jan,23,4,Thu,False
20250124,2025-01-24,2025,1,Jan,24,5,Fri,True
20250125,2025-01-25,2025,1,Jan,25,6,Sat,False
20250126,2025-01-26,2025,1,Jan,26,7,Sun,False
20250127,2025-01-27,2025,1,Jan,27,1,Mon,False
20250128,2025-01-28,2025,1,Jan,28,2,Tue,False
20250129,2025-01-29,2025,1,Jan,29,3,Wed,False
20250130,2025-01-30,2025,1,Jan,30,4,Thu,False
20250131,2025-01-31,2025,1,Jan,31,5,Fri,True
20250201,2025-02-01,2025,2,Feb,1,6,Sat,False
20250202,2025-02-02,2025,2,Feb,2,7,Sun,False
20250203,2025-02-03,2025,2,Feb,3,1,Mon,False
20250204,2025-02-04,2025,2,Feb,4,2,Tue,False
20250205,2025-02-05,2025,2,Feb,5,3,Wed,False
20250206,2025-02-06,2025,2,Feb,6,4,Thu,False
20250207,2025-02-07,2025,2,Feb,7,5,Fri,True
20250208,2025-02-08,2025,2,Feb,8,6,Sat,False
20250209,2025-02-09,2025,2,Feb,9,7,Sun,False
20250210,2025-02-10,2025,2,Feb,10,1,Mon,False
20250211,2025-02-11,2025,2,Feb,11,2,Tue,False
20250212,2025-02-12,2025,2,Feb,12,3,Wed,False
20250213,2025-02-13,2025,2,Feb,13,4,Thu,False
20250214,2025-02-14,2025,2,Feb,14,5,Fri,True
20250215,2025-02-15,2025,2,Feb,15,6,Sat,False
20250216,2025-02-16,2025,2,Feb,16,7,Sun,False
20250217,2025-02-17,2025,2,Feb,17,1,Mon,False
20250218,2025-02-18,2025,2,Feb,18,2,Tue,False
20250219,2025-02-19,2025,2,Feb,19,3,Wed,False
20250220,2025-02-20,2025,2,Feb,20,4,Thu,False
20250221,2025-02-21,2025,2,Feb,21,5,Fri,True
20250222,2025-02-22,2025,2,Feb,22,6,Sat,False
20250223,2025-02-23,2025,2,Feb,23,7,Sun,False
20250224,2025-02-24,2025,2,Feb,24,1,Mon,False
20250225,2025-02-25,2025,2,Feb,25,2,Tue,False
20250226,2025-02-26,2025,2,Feb,26,3,Wed,False
20250227,2025-02-27,2025,2,Feb,27,4,Thu,False
20250228,2025-02-28,2025,2,Feb,28,5,Fri,True
20250301,2025-03-01,2025,3,Mar,1,6,Sat,False
20250302,2025-03-02,2025,3,Mar,2,7,Sun,False
20250303,2025-03-03,2025,3,Mar,3,1,Mon,False
20250304,2025-03-04,2025,3,Mar,4,2,Tue,False
20250305,2025-03-05,2025,3,Mar,5,3,Wed,False
20250306,2025-03-06,2025,3,Mar,6,4,Thu,False
20250307,2025-03-07,2025,3,Mar,7,5,Fri,True
20250308,2025-03-08,2025,3,Mar,8,6,Sat,False
20250309,2025-03-09,2025,3,Mar,9,7,Sun,False
20250310,2025-03-10,2025,3,Mar,10,1,Mon,False
20250311,2025-03-11,2025,3,Mar,11,2,Tue,False
20250312,2025-03-12,2025,3,Mar,12,3,Wed,False
20250313,2025-03-13,2025,3,Mar,13,4,Thu,False
20250314,2025-03-14,2025,3,Mar,14,5,Fri,True
20250315,2025-03-15,2025,3,Mar,15,6,Sat,False
20250316,2025-03-16,2025,3,Mar,16,7,Sun,False
20250317,2025-03-17,2025,3,Mar,17,1,Mon,False
20250318,2025-03-18,2025,3,Mar,18,2,Tue,False
20250319,2025-03-19,2025,3,Mar,19,3,Wed,False
20250320,2025-03-20,2025,3,Mar,20,4,Thu,False
20250321,2025-03-21,2025,3,Mar,21,5,Fri,True
20250322,2025-03-22,2025,3,Mar,22,6,Sat,False
20250323,2025-03-23,2025,3,Mar,23,7,Sun,False
20250324,2025-03-24,2025,3,Mar,24,1,Mon,False
20250325,2025-03-25,2025,3,Mar,25,2,Tue,False
20250326,2025-03-26,2025,3,Mar,26,3,Wed,False
20250327,2025-03-27,2025,3,Mar,27,4,Thu,False
20250328,2025-03-28,2025,3,Mar,28,5,Fri,True
20250329,2025-03-29,2025,3,Mar,29,6,Sat,False
20250330,2025-03-30,2025,3,Mar,30,7,Sun,False
20250331,2025-03-31,2025,3,Mar,31,1,Mon,False
20250401,2025-04-01,2025,4,Apr,1,2,Tue,False
20250402,2025-04-02,2025,4,Apr,2,3,Wed,False
20250403,2025-04-03,2025,4,Apr,3,4,Thu,False
20250404,2025-04-04,2025,4,Apr,4,5,Fri,True
20250405,2025-04-05,2025,4,Apr,5,6,Sat,False
20250406,2025-04-06,2025,4,Apr,6,7,Sun,False
20250407,2025-04-07,2025,4,Apr,7,1,Mon,False
20250408,2025-04-08,2025,4,Apr,8,2,Tue,False
20250409,2025-04-09,2025,4,Apr,9,3,Wed,False
20250410,2025-04-10,2025,4,Apr,10,4,Thu,False
20250411,2025-04-11,2025,4,Apr,11,5,Fri,True
20250412,2025-04-12,2025,4,Apr,12,6,Sat,False
20250413,2025-04-13,2025,4,Apr,13,7,Sun,False
20250414,2025-04-14,2025,4,Apr,14,1,Mon,False
20250415,2025-04-15,2025,4,Apr,15,2,Tue,False
20250416,2025-04-16,2025,4,Apr,16,3,Wed,False
20250417,2025-04-17,2025,4,Apr,17,4,Thu,False
20250418,2025-04-18,2025,4,Apr,18,5,Fri,True
20250419,2025-04-19,2025,4,Apr,19,6,Sat,False
20250420,2025-04-20,2025,4,Apr,20,7,Sun,False
20250421,2025-04-21,2025,4,Apr,21,1,Mon,False
20250422,2025-04-22,2025,4,Apr,22,2,Tue,False
20250423,2025-04-23,2025,4,Apr,23,3,Wed,False
20250424,2025-04-24,2025,4,Apr,24,4,Thu,False
20250425,2025-04-25,2025,4,Apr,25,5,Fri,True
20250426,2025-04-26,2025,4,Apr,26,6,Sat,False
20250427,2025-04-27,2025,4,Apr,27,7,Sun,False
20250428,2025-04-28,2025,4,Apr,28,1,Mon,False
20250429,2025-04-29,2025,4,Apr,29,2,Tue,False
20250430,2025-04-30,2025,4,Apr,30,3,Wed,False
20250501,2025-05-01,2025,5,May,1,4,Thu,False
20250502,2025-05-02,2025,5,May,2,5,Fri,True
20250503,2025-05-03,2025,5,May,3,6,Sat,False
20250504,2025-05-04,2025,5,May,4,7,Sun,False
20250505,2025-05-05,2025,5,May,5,1,Mon,False
20250506,2025-05-06,2025,5,May,6,2,Tue,False
20250507,2025-05-07,2025,5,May,7,3,Wed,False
20250508,2025-05-08,2025,5,May,8,4,Thu,False
20250509,2025-05-09,2025,5,May,9,5,Fri,True
20250510,2025-05-10,2025,5,May,10,6,Sat,False
20250511,2025-05-11,2025,5,May,11,7,Sun,False
20250512,2025-05-12,2025,5,May,12,1,Mon,False
20250513,2025-05-13,2025,5,May,13,2,Tue,False
20250514,2025-05-14,2025,5,May,14,3,Wed,False
20250515,2025-05-15,2025,5,May,15,4,Thu,False
20250516,2025-05-16,2025,5,May,16,5,Fri,True
20250517,2025-05-17,2025,5,May,17,6,Sat,False
20250518,2025-05-18,2025,5,May,18,7,Sun,False
20250519,2025-05-19,2025,5,May,19,1,Mon,False
20250520,2025-05-20,2025,5,May,20,2,Tue,False
20250521,2025-05-21,2025,5,May,21,3,Wed,False
20250522,2025-05-22,2025,5,May,22,4,Thu,False
20250523,2025-05-23,2025,5,May,23,5,Fri,True
20250524,2025-05-24,2025,5,May,24,6,Sat,False
20250525,2025-05-25,2025,5,May,25,7,Sun,False
20250526,2025-05-26,2025,5,May,26,1,Mon,False
20250527,2025-05-27,2025,5,May,27,2,Tue,False
20250528,2025-05-28,2025,5,May,28,3,Wed,False
20250529,2025-05-29,2025,5,May,29,4,Thu,False
20250530,2025-05-30,2025,5,May,30,5,Fri,True
20250531,2025-05-31,2025,5,May,31,6,Sat,False
20250601,2025-06-01,2025,6,Jun,1,7,Sun,False
20250602,2025-06-02,2025,6,Jun,2,1,Mon,False
20250603,2025-06-03,2025,6,Jun,3,2,Tue,False
20250604,2025-06-04,2025,6,Jun,4,3,Wed,False
20250605,2025-06-05,2025,6,Jun,5,4,Thu,False
20250606,2025-06-06,2025,6,Jun,6,5,Fri,True
20250607,2025-06-07,2025,6,Jun,7,6,Sat,False
20250608,2025-06-08,2025,6,Jun,8,7,Sun,False
20250609,2025-06-09,2025,6,Jun,9,1,Mon,False
20250610,2025-06-10,2025,6,Jun,10,2,Tue,False
20250611,2025-06-11,2025,6,Jun,11,3,Wed,False
20250612,2025-06-12,2025,6,Jun,12,4,Thu,False
20250613,2025-06-13,2025,6,Jun,13,5,Fri,True
20250614,2025-06-14,2025,6,Jun,14,6,Sat,False
20250615,2025-06-15,2025,6,Jun,15,7,Sun,False
20250616,2025-06-16,2025,6,Jun,16,1,Mon,False
20250617,2025-06-17,2025,6,Jun,17,2,Tue,False
20250618,2025-06-18,2025,6,Jun,18,3,Wed,False
20250619,2025-06-19,2025,6,Jun,19,4,Thu,False
20250620,2025-06-20,2025,6,Jun,20,5,Fri,True
20250621,2025-06-21,2025,6,Jun,21,6,Sat,False
20250622,2025-06-22,2025,6,Jun,22,7,Sun,False
20250623,2025-06-23,2025,6,Jun,23,1,Mon,False
20250624,2025-06-24,2025,6,Jun,24,2,Tue,False
20250625,2025-06-25,2025,6,Jun,25,3,Wed,False
20250626,2025-06-26,2025,6,Jun,26,4,Thu,False
20250627,2025-06-27,2025,6,Jun,27,5,Fri,True
20250628,2025-06-28,2025,6,Jun,28,6,Sat,False
20250629,2025-06-29,2025,6,Jun,29,7,Sun,False
20250630,2025-06-30,2025,6,Jun,30,1,Mon,False
20250701,2025-07-01,2025,7,Jul,1,2,Tue,False
20250702,2025-07-02,2025,7,Jul,2,3,Wed,False
20250703,2025-07-03,2025,7,Jul,3,4,Thu,False
20250704,2025-07-04,2025,7,Jul,4,5,Fri,True
20250705,2025-07-05,2025,7,Jul,5,6,Sat,False
20250706,2025-07-06,2025,7,Jul,6,7,Sun,False
20250707,2025-07-07,2025,7,Jul,7,1,Mon,False
20250708,2025-07-08,2025,7,Jul,8,2,Tue,False
20250709,2025-07-09,2025,7,Jul,9,3,Wed,False
20250710,2025-07-10,2025,7,Jul,10,4,Thu,False
20250711,2025-07-11,2025,7,Jul,11,5,Fri,True
20250712,2025-07-12,2025,7,Jul,12,6,Sat,False
20250713,2025-07-13,2025,7,Jul,13,7,Sun,False
20250714,2025-07-14,2025,7,Jul,14,1,Mon,False
20250715,2025-07-15,2025,7,Jul,15,2,Tue,False
20250716,2025-07-16,2025,7,Jul,16,3,Wed,False
20250717,2025-07-17,2025,7,Jul,17,4,Thu,False
20250718,2025-07-18,2025,7,Jul,18,5,Fri,True
20250719,2025-07-19,2025,7,Jul,19,6,Sat,False
20250720,2025-07-20,2025,7,Jul,20,7,Sun,False
20250721,2025-07-21,2025,7,Jul,21,1,Mon,False
20250722,2025-07-22,2025,7,Jul,22,2,Tue,False
20250723,2025-07-23,2025,7,Jul,23,3,Wed,False
20250724,2025-07-24,2025,7,Jul,24,4,Thu,False
20250725,2025-07-25,2025,7,Jul,25,5,Fri,True
20250726,2025-07-26,2025,7,Jul,26,6,Sat,False
20250727,2025-07-27,2025,7,Jul,27,7,Sun,False
20250728,2025-07-28,2025,7,Jul,28,1,Mon,False
20250729,2025-07-29,2025,7,Jul,29,2,Tue,False
20250730,2025-07-30,2025,7,Jul,30,3,Wed,False
20250731,2025-07-31,2025,7,Jul,31,4,Thu,False
20250801,2025-08-01,2025,8,Aug,1,5,Fri,True
20250802,2025-08-02,2025,8,Aug,2,6,Sat,False
20250803,2025-08-03,2025,8,Aug,3,7,Sun,False
20250804,2025-08-04,2025,8,Aug,4,1,Mon,False
20250805,2025-08-05,2025,8,Aug,5,2,Tue,False
20250806,2025-08-06,2025,8,Aug,6,3,Wed,False
20250807,2025-08-07,2025,8,Aug,7,4,Thu,False
20250808,2025-08-08,2025,8,Aug,8,5,Fri,True
20250809,2025-08-09,2025,8,Aug,9,6,Sat,False
20250810,2025-08-10,2025,8,Aug,10,7,Sun,False
20250811,2025-08-11,2025,8,Aug,11,1,Mon,False
20250812,2025-08-12,2025,8,Aug,12,2,Tue,False
20250813,2025-08-13,2025,8,Aug,13,3,Wed,False
20250814,2025-08-14,2025,8,Aug,14,4,Thu,False
20250815,2025-08-15,2025,8,Aug,15,5,Fri,True
20250816,2025-08-16,2025,8,Aug,16,6,Sat,False
20250817,2025-08-17,2025,8,Aug,17,7,Sun,False
20250818,2025-08-18,2025,8,Aug,18,1,Mon,False
20250819,2025-08-19,2025,8,Aug,19,2,Tue,False
20250820,2025-08-20,2025,8,Aug,20,3,Wed,False
20250821,2025-08-21,2025,8,Aug,21,4,Thu,False
20250822,2025-08-22,2025,8,Aug,22,5,Fri,True
20250823,2025-08-23,2025,8,Aug,23,6,Sat,False
20250824,2025-08-24,2025,8,Aug,24,7,Sun,False
20250825,2025-08-25,2025,8,Aug,25,1,Mon,False
20250826,2025-08-26,2025,8,Aug,26,2,Tue,False
20250827,2025-08-27,2025,8,Aug,27,3,Wed,False
20250828,2025-08-28,2025,8,Aug,28,4,Thu,False
20250829,2025-08-29,2025,8,Aug,29,5,Fri,True
20250830,2025-08-30,2025,8,Aug,30,6,Sat,False
20250831,2025-08-31,2025,8,Aug,31,7,Sun,False
20250901,2025-09-01,2025,9,Sep,1,1,Mon,False
20250902,2025-09-02,2025,9,Sep,2,2,Tue,False
20250903,2025-09-03,2025,9,Sep,3,3,Wed,False
20250904,2025-09-04,2025,9,Sep,4,4,Thu,False
20250905,2025-09-05,2025,9,Sep,5,5,Fri,True
20250906,2025-09-06,2025,9,Sep,6,6,Sat,False
20250907,2025-09-07,2025,9,Sep,7,7,Sun,False
20250908,2025-09-08,2025,9,Sep,8,1,Mon,False
20250909,2025-09-09,2025,9,Sep,9,2,Tue,False
20250910,2025-09-10,2025,9,Sep,10,3,Wed,False
20250911,2025-09-11,2025,9,Sep,11,4,Thu,False
20250912,2025-09-12,2025,9,Sep,12,5,Fri,True
20250913,2025-09-13,2025,9,Sep,13,6,Sat,False
20250914,2025-09-14,2025,9,Sep,14,7,Sun,False
20250915,2025-09-15,2025,9,Sep,15,1,Mon,False
20250916,2025-09-16,2025,9,Sep,16,2,Tue,False
20250917,2025-09-17,2025,9,Sep,17,3,Wed,False
20250918,2025-09-18,2025,9,Sep,18,4,Thu,False
20250919,2025-09-19,2025,9,Sep,19,5,Fri,True
20250920,2025-09-20,2025,9,Sep,20,6,Sat,False
20250921,2025-09-21,2025,9,Sep,21,7,Sun,False
20250922,2025-09-22,2025,9,Sep,22,1,Mon,False
20250923,2025-09-23,2025,9,Sep,23,2,Tue,False
20250924,2025-09-24,2025,9,Sep,24,3,Wed,False
20250925,2025-09-25,2025,9,Sep,25,4,Thu,False
20250926,2025-09-26,2025,9,Sep,26,5,Fri,True
20250927,2025-09-27,2025,9,Sep,27,6,Sat,False
20250928,2025-09-28,2025,9,Sep,28,7,Sun,False
20250929,2025-09-29,2025,9,Sep,29,1,Mon,False
20250930,2025-09-30,2025,9,Sep,30,2,Tue,False
20251001,2025-10-01,2025,10,Oct,1,3,Wed,False
20251002,2025-10-02,2025,10,Oct,2,4,Thu,False
20251003,2025-10-03,2025,10,Oct,3,5,Fri,True
20251004,2025-10-04,2025,10,Oct,4,6,Sat,False
20251005,2025-10-05,2025,10,Oct,5,7,Sun,False
20251006,2025-10-06,2025,10,Oct,6,1,Mon,False
20251007,2025-10-07,2025,10,Oct,7,2,Tue,False
20251008,2025-10-08,2025,10,Oct,8,3,Wed,False
20251009,2025-10-09,2025,10,Oct,9,4,Thu,False
20251010,2025-10-10,2025,10,Oct,10,5,Fri,True
20251011,2025-10-11,2025,10,Oct,11,6,Sat,False
20251012,2025-10-12,2025,10,Oct,12,7,Sun,False
20251013,2025-10-13,2025,10,Oct,13,1,Mon,False
20251014,2025-10-14,2025,10,Oct,14,2,Tue,False
20251015,2025-10-15,2025,10,Oct,15,3,Wed,False
20251016,2025-10-16,2025,10,Oct,16,4,Thu,False
20251017,2025-10-17,2025,10,Oct,17,5,Fri,True
20251018,2025-10-18,2025,10,Oct,18,6,Sat,False
20251019,2025-10-19,2025,10,Oct,19,7,Sun,False
20251020,2025-10-20,2025,10,Oct,20,1,Mon,False
20251021,2025-10-21,2025,10,Oct,21,2,Tue,False
20251022,2025-10-22,2025,10,Oct,22,3,Wed,False
20251023,2025-10-23,2025,10,Oct,23,4,Thu,False
20251024,2025-10-24,2025,10,Oct,24,5,Fri,True
20251025,2025-10-25,2025,10,Oct,25,6,Sat,False
20251026,2025-10-26,2025,10,Oct,26,7,Sun,False
20251027,2025-10-27,2025,10,Oct,27,1,Mon,False
20251028,2025-10-28,2025,10,Oct,28,2,Tue,False
20251029,2025-10-29,2025,10,Oct,29,3,Wed,False
20251030,2025-10-30,2025,10,Oct,30,4,Thu,False
20251031,2025-10-31,2025,10,Oct,31,5,Fri,True
20251101,2025-11-01,2025,11,Nov,1,6,Sat,False
20251102,2025-11-02,2025,11,Nov,2,7,Sun,False
20251103,2025-11-03,2025,11,Nov,3,1,Mon,False
20251104,2025-11-04,2025,11,Nov,4,2,Tue,False
20251105,2025-11-05,2025,11,Nov,5,3,Wed,False
20251106,2025-11-06,2025,11,Nov,6,4,Thu,False
20251107,2025-11-07,2025,11,Nov,7,5,Fri,True
20251108,2025-11-08,2025,11,Nov,8,6,Sat,False
20251109,2025-11-09,2025,11,Nov,9,7,Sun,False
20251110,2025-11-10,2025,11,Nov,10,1,Mon,False
20251111,2025-11-11,2025,11,Nov,11,2,Tue,False
20251112,2025-11-12,2025,11,Nov,12,3,Wed,False
20251113,2025-11-13,2025,11,Nov,13,4,Thu,False
20251114,2025-11-14,2025,11,Nov,14,5,Fri,True
20251115,2025-11-15,2025,11,Nov,15,6,Sat,False
20251116,2025-11-16,2025,11,Nov,16,7,Sun,False
20251117,2025-11-17,2025,11,Nov,17,1,Mon,False
20251118,2025-11-18,2025,11,Nov,18,2,Tue,False
20251119,2025-11-19,2025,11,Nov,19,3,Wed,False
20251120,2025-11-20,2025,11,Nov,20,4,Thu,False
20251121,2025-11-21,2025,11,Nov,21,5,Fri,True
20251122,2025-11-22,2025,11,Nov,22,6,Sat,False
20251123,2025-11-23,2025,11,Nov,23,7,Sun,False
20251124,2025-11-24,2025,11,Nov,24,1,Mon,False
20251125,2025-11-25,2025,11,Nov,25,2,Tue,False
20251126,2025-11-26,2025,11,Nov,26,3,Wed,False
20251127,2025-11-27,2025,11,Nov,27,4,Thu,False
20251128,2025-11-28,2025,11,Nov,28,5,Fri,True
20251129,2025-11-29,2025,11,Nov,29,6,Sat,False
20251130,2025-11-30,2025,11,Nov,30,7,Sun,False
